item,LabelEN,PageTitleEN,LabelHI,LabelBN,LabelSW,LabelMR,LabelTE,LabelPA,LabelPNB,LabelGU,LabelMAI,LabelKN,LabelOR,LabelBH,LabelTA,LabelNE,LabelUR,LabelML,LabelEO,sitelinks
http://www.wikidata.org/entity/Q12199,AIDS,HIV/AIDS,एड्स,এইডস,Ukimwi,एड्स,ఎయిడ్స్,ਏਡਜ਼,ایڈز,એડ્સ,एड्स,ಏಡ್ಸ್ ರೋಗ,ଏଡ଼ସ,,எய்ட்சு,एड्स,محصولی کسرمناعی متلازمہ,എയ് ഡ് സ്,aidoso,183
http://www.wikidata.org/entity/Q12136,disease,Disease,रोग,রোগ,Ugonjwa,रोग,వ్యాధి,ਰੋਗ,روگ,રોગ,रोग,ರೋಗ,ରୋଗ,,நோய்,रोग,مرض,രോഗം,malsano,178
http://www.wikidata.org/entity/Q12078,cancer,Cancer,कर्कट रोग,ক্যান্সার,Saratani,कर्करोग,కాన్సర్,ਰਾਜਫੋੜਾ,سرطان,કર્કરોગ,,ಕ್ಯಾನ್ಸರ್,କର୍କଟ ରୋଗ,,புற்றுநோய்,क्यान्सर,سرطان,അർബുദം,kancero,162
http://www.wikidata.org/entity/Q12156,malaria,Malaria,मलेरिया,ম্যালেরিয়া,malaria,मलेरिया,మలేరియా,ਮਲੇਰੀਆ,ملیریا,મલેરિયા,,ಮಲೇರಿಯಾ,ମ୍ୟାଲେରିଆ,,மலேரியா,औलो,ملیریا,മലമ്പനി,malario,159
http://www.wikidata.org/entity/Q12204,tuberculosis,Tuberculosis,तपेदिक,যক্ষ্মা,Kifua kikuu,क्षय रोग,క్షయ,ਟੀਬੀ,ٹی بی,ક્ષય રોગ,,ಕ್ಷಯ,ଯକ୍ଷ୍ମା,,காச நோய்,क्षयरोग,سل,ക്ഷയം,tuberkulozo,154
http://www.wikidata.org/entity/Q12206,diabetes mellitus,Diabetes,मधुमेह,বহুমূত্র রোগ,Kisukari,मधुमेह,మధుమేహం,ਸ਼ੱਕਰ ਰੋਗ,شوگر,મધુપ્રમેહ,,ಮಧುಮೇಹ,ମଧୁମେହ,,நீரிழிவு நோய்,मधुमेह,ذیابیطس,പ്രമേഹം,diabeto,142
http://www.wikidata.org/entity/Q2840,influenza,Influenza,इनफ्लुएंजा,ইনফ্লুয়েঞ্জা ভাইরাস,Homa ya mafua,इंफ्लुएंझा,ఫ్లూ,ਇਨਫਲੂਐਨਜ਼ਾ,نزلہ,,,ಇನ್ಫ್ಲುಯೆನ್ಜ,ଇନ୍ଫ୍ଲୁଏଞ୍ଜା,,இன்ஃபுளுவென்சா,इन्फ्लुएन्जा,نزلہ,ഇൻഫ്ലുവെൻസ,gripo,141
http://www.wikidata.org/entity/Q12090,cholera,Cholera,हैजा,কলেরা,Kipindupindu,पटकी,కలరా,ਹੈਜ਼ਾ,ہیضہ,,,ಕಾಲೆರಾ,କଲେରା,,வாந்திபேதி,हैजा,ہیضہ,കോളറ,ĥolero,135
http://www.wikidata.org/entity/Q51993,Ebola virus disease,Ebola virus disease,ebola,ইবোলা ভাইরাসজনিত রোগ,Ebola,इबोला विषाणू रोग,ఎబోలా,ਇਬੋਲਾ ਵਿਸ਼ਾਣੂ ਰੋਗ,,,इबोला,,ଇବୋଲା ଭୂତାଣୁ ରୋଗ,,எபோலா தீநுண்ம நோய்,इबोला,ایبولا وائرس بیماری,എബോള,ebolo,134
http://www.wikidata.org/entity/Q39222,Rabies,Rabies,रेबीज़,জলাতংক,Kichaa cha mbwa,रेबीज,రేబీస్,ਹਲਕ,,હડકવા,रेबिज,ರೇಬೀಸ್,ଜଳାତଙ୍କ,,வெறிநாய்க்கடி நோய்,रेबिज,مرض کلب,പേവിഷബാധ,rabio,125
http://www.wikidata.org/entity/Q36956,leprosy,Leprosy,कुष्ठ,কুষ্ঠ,Ukoma,कुष्ठरोग,కుష్టు వ్యాధి,ਕੋਹੜ,,રક્તપિત,,ಕುಷ್ಠರೋಗ,କୁଷ୍ଠ,,தொழு நோய்,कुष्ठरोग,جذام,Leprosy,lepro,123
http://www.wikidata.org/entity/Q12125,common cold,Common cold,जुकाम,সর্দি-কাশি,Mafua ya kawaida,सर्दी,జలుబు,ਜੁਕਾਮ,زکام,,,ನೆಗಡಿ,ଶର୍ଦ୍ଦି,,தடிமன்,रुघा खोकी,زکام,ജലദോഷം,malvarmumo,122
http://www.wikidata.org/entity/Q79793,measles,Measles,खसरा,হাম,Ukambi,Measles,తట్టు,ਖਸਰਾ,,,,ದಡಾರ,ମିଳିମିଳା,,தட்டம்மை,दादुरा,,അഞ്ചാംപനി,morbilo,120
http://www.wikidata.org/entity/Q12174,obesity,Obesity,मोटापा,অতিস্থূলতা,Kunona,लठ्ठपणा,స్థూల కాయం,ਮੋਟਾਪਾ,مٹاپا,,,ಬೊಜ್ಜು,ସ୍ଥୌଲ୍ୟତା,,உடற் பருமன்,मोटोपन,موٹاپا,അമിതവണ്ണം,trodikiĝo,119
http://www.wikidata.org/entity/Q12192,pneumonia,Pneumonia,निमोनिया,নিউমোনিয়া,Nimonia,न्युमोनिया,న్యుమోనియా,ਨਮੋਨੀਆ,نمونیہ,,,ಪ್ನೆಮೋನಿಯ,ନିମୋନିଆ,,நுரையீரல் அழற்சி,न्युमोनिया,نمونیا,ന്യുമോണിയ,pneŭmonito,118
http://www.wikidata.org/entity/Q11081,Alzheimer's disease,Alzheimer's disease,अलजाइमर रोग,আলঝেইমার’স ডিজিজ,Ugonjwa wa Alzheimer,अल्झायमर रोग,మతిమరపు వ్యాధి,ਅਲਜ਼ਾਈਮਰ ਰੋਗ,الزایمر,,,ಆಲ್ ಝೈಮರ್ ನ ಕಾಯಿಲೆ,ଆଲଜିମର ରୋଗ,,ஆல்சைமர் நோய்,अल्जाइमर,الزائمر,ആൽറ്റ്സ് ഹൈമേഴ്സ് രോഗം,Alzheimer-malsano,117
http://www.wikidata.org/entity/Q12214,smallpox,Smallpox,चेचक,গুটিবসন্ত,Ndui,देवी (रोग),మశూచి,ਚੇਚਕ,چیچک,શીતળા,,,ବସନ୍ତ,,பெரியம்மை,,چیچک,വസൂരി,variolo,117
http://www.wikidata.org/entity/Q10874,blindness,Blindness,अन्धता,অন্ধত্ব,Upofu,अंधत्व,అంధత్వం,ਨਿਗਾ ਵਿੱਚ ਵਿਗਾੜ,انا ہوناں,અંધાપો,,,ଅନ୍ଧତ୍ତ୍ୱ,,குருட்டுத் தன்மை,अन्धोपन,اندھا پن,അന്ധത,blindeco,112
http://www.wikidata.org/entity/Q41112,schizophrenia,Schizophrenia,मनोविदालिता,স্কিটসোফ্রিনিয়া,skizofrenia,छिन्नमनस्कता,స్కిజోఫ్రీనియా,ਦੁਫਾੜ ਮਾਨਸਿਕਤਾ,,સ્કિઝોફ્રેનિઆ,,ಸ್ಕಿಝೋಫ್ರೇನಿಯ,ସିଜୋଫ୍ରେନିଆ,,மனப்பித்து,,انفصام,സ്കിസോഫ്രീനിയ,skizofrenio,110
http://www.wikidata.org/entity/Q40878,diarrhea,Diarrhea,अतिसार,উদরাময়,Kuhara,अतिसार,అతిసారం,,,અતિસાર,,ಅತಿಸಾರ,ତରଳ ଝାଡ଼ା,,வயிற்றுப்போக்கு,पखाला,اسہال,അതിസാരം,lakso,108
http://www.wikidata.org/entity/Q12152,myocardial infarction,Myocardial infarction,हृदयाघात,মায়োকার্ডিয়াল ইনফার্কসন,Shtuko la moyo,हृदयाघात,గుండెపోటు,ਦਿਲ ਦਾ ਦੌਰਾ,دل دا دورہ,હૃદયરોગનો હુમલો,,ಹೃದಯಾಘಾತ,ହୃଦ୍ଘାତ,,மாரடைப்பு,,دورۂ قلب,ഹൃദയാഘാതം,korinfarkto,107
http://www.wikidata.org/entity/Q38404,autism,Autism,आत्मविमोह,আত্মসংবৃতি,Autism,ऑटिझम,,ਸਵੈਲੀਨਤਾ,,,,ಆಟಿಸಮ್,ଅଟିଜିମ୍,,மதியிறுக்கம்,अटिज्म,,ഓട്ടിസം,aŭtismo,107
http://www.wikidata.org/entity/Q12195,poliomyelitis,Polio,पोलियोमेलाइटिस,পোলিও,Ugonjwa wa kupooza,पोलियो,పోలియో,ਪੋਲੀਓ,پولیو,પોલિયો,,,ପୋଲିଓମାୟେଲାଇଟିସ,,இளம்பிள்ளை வாதம்,,پولیو,പോളിയോ,poliomjelito,105
http://www.wikidata.org/entity/Q12135,mental disorder,Mental disorder,मानसिक रोग,মানসিক রোগ,Ugonjwa wa akili,,మానసిక రుగ్మత,ਮਨੋਵਿਕਾਰ,ذہنی توازن وگڑنا,,मानसिक रोग,ಮಾನಸಿಕ ರೋಗಗಳು,ମାନସିକ ରୋଗ,,உளப் பிறழ்ச்சி,मानसिक रोग,اضطراب عقلی,മാനസികരോഗം,psika malsano,104
http://www.wikidata.org/entity/Q41571,epilepsy,Epilepsy,अपस्मार,মৃগী,EPILEPSY,अपस्मार,,ਮਿਰਗੀ,مرگی,વાઈ,,ಅಪಸ್ಮಾರ,ଅପସ୍ମାର ବାତ,,கால்-கை வலிப்பு,छारे रोग,مرگی,അപസ്മാരം,epilepsio,104
http://www.wikidata.org/entity/Q42982,type I hypersensitivity,Allergy,एलर्जी,অতিপ্রতিক্রিয়া,,,,ਅਲਰਜੀ,,એલર્જી,,ಅಲರ್ಜಿ,ଆଲର୍ଜି,,ஒவ்வாமை,,,അലർജി,alergio,103
http://www.wikidata.org/entity/Q12167,malnutrition,Malnutrition,कुपोषण,অপুষ্টি,Utapiamlo,कुपोषण,పోషకాహార లోపం,ਕੁਪੋਸ਼ਣ,کمزوری,કુપોષણ,,ಅಪೌಷ್ಟಿಕತೆ,କୁପୋଷଣ,,ஊட்டக்குறை,कुपोषण,ناقص غذائیت,പോഷകങ്ങളുടെ അപര്യാപ്തതമൂലമുണ്ടാകുന്ന അസുഖങ്ങൾ,subnutrado,101
http://www.wikidata.org/entity/Q133780,plague,Plague (disease),प्लेग,প্লেগ,Tauni,,ప్లేగు,ਪਲੇਗ,طاعون,મરકી,,ಪ್ಲೇಗ್,ପ୍ଲେଗ,,பிளேக்,प्लेग,طاعون,പ്ലേഗ്,pesto,98
http://www.wikidata.org/entity/Q36855,swine influenza,Swine influenza,शूकर इन्फ्लूएंजा,সোয়াইন ইনফ্লুয়েঞ্জা,,स्वाइन इन्फ्लुएन्झा,స్వైన్ఫ్లూ,ਸਵਾਈਨ ਇਨਫ਼ਲੂਐਨਜ਼ਾ,,સ્વાઇન ફ્લ્યુ,स्वाइन फ्लू,ಹಂದಿಜ್ವರ,,,எச்1.என்1 சளிக்காய்ச்சல்,स्वाइन फ्लू,Swine influenza,പന്നിപ്പനി,Porka gripo,98
http://www.wikidata.org/entity/Q5445,anemia,Anemia,रक्ताल्पता,রক্তশূন্যতা,Anemia,पंडुरोग,,ਅਨੀਮੀਆ,,,,ರಕ್ತಹೀನತೆ,ରକ୍ତହୀନତା,,குருதிச்சோகை,रक्त अल्पता,فقرالدم,അനീമിയ,anemio,97
http://www.wikidata.org/entity/Q41083,syphilis,Syphilis,सूजाक,সিফিলিস,Kaswende,,సవాయి,ਆਤਸ਼ਕ,,ઉપદંશ,,ಸಿಫಿಲಿಸ್,ସିଫିଲିସ୍,,சிபிலிசு,भिरिङ्गी,,പറങ്കിപ്പുണ്ണ്,sifiliso,97
http://www.wikidata.org/entity/Q43987,avian influenza,Avian influenza,पक्षी इन्फ्लूएंजा,,,,బర్డ్ ఫ్లూ,,برڈفلو,,,ಹಕ್ಕಿ ಜ್ವರ,,,பறவைக் காய்ச்சல்,,برڈفلو,പക്ഷിപ്പനി,Birda gripo,96
http://www.wikidata.org/entity/Q41478,hemorrhoid,Hemorrhoid,बाबासीर,অর্শরোগ,Bawasiri,मूळव्याध,మొలలు,ਬਵਾਸੀਰ,,,,ಮೂಲವ್ಯಾಧಿ,ଅର୍ଶ,,மூலம்,हर्सा,بواسیر,അർശസ്,hemoroido,94
http://www.wikidata.org/entity/Q41861,hypertension,Hypertension,उच्च रक्तचाप,উচ্চ রক্তচাপ,Shinikizo la juu la damu,उच्च रक्तदाब,అధిక రక్తపోటు,,,,,,ଉଚ୍ଚ ରକ୍ତଚାପ,,உயர் இரத்த அழுத்தம்,उच्च रक्तचाप,فرط تناؤ,രക്താതിമർദ്ദം,hipertensio,94
http://www.wikidata.org/entity/Q11085,Parkinson disease,Parkinson's disease,पार्किंसन रोग,পারকিনসন রোগ,Ugonjwa wa Parkinson,,parkinsons disease,ਪਾਰਕਿੰਸਨ ਰੋਗ,پارکنسن دی بیماری,,,,ପାର୍କିନ୍ସନ୍ ରୋଗ,,நடுக்குவாதம்,पार्किनसन,پارکنسن کی بیماری,പാർക്കിൻസൺസ് രോഗം,Parkinsona malsano,93
http://www.wikidata.org/entity/Q48143,meningitis,Meningitis,तानिकाशोथ,মেনিনজাইটিস,meningitis,मस्तिष्कावरणशोथ,మెదడు వాపు,ਮੈਨਿਨਜਾਈਟਿਸ,,,,,ମେନିଞ୍ଜାଇଟିସ୍,,Meningitis,,,മെനിഞ്ചൈറ്റിസ്,meningito,93
http://www.wikidata.org/entity/Q134859,pertussis,Whooping cough,कुक्कुर खाँसी,হুপিং কাশি,Kifaduro,डांग्या खोकला,కోరింత దగ్గు,ਕਾਲੀ ਖਾਂਸੀ,کالی کھانسی,,,ನಾಯಿಕೆಮ್ಮು,ଲହରା କାଶ,,தொடர் இருமல்,,,വില്ലൻചുമ,kokluŝo,91
http://www.wikidata.org/entity/Q44727,chickenpox,Chickenpox,छोटी माता,জলবসন্ত,Tetekuwanga,कांजिण्या,ఆటలమ్మ,ਛੋਟੀ ਮਾਤਾ,,,,ಗಣಜಿಲೆ,ହାଡ଼ଫୁଟି,,சின்னம்மை,,,ചിക്കൻപോക്സ്,varicelo,91
http://www.wikidata.org/entity/Q101896,gonorrhea,Gonorrhea,प्रमेह,গনোরিয়া,Kisonono,,సెగవ్యాధి,,,,,ಗೊನೊರಿಯಾ,ଗନରିଆ,,கொணோறியா,गनोरिया,سوزاک,ഗൊണോറിയ,gonoreo,90
http://www.wikidata.org/entity/Q83319,typhoid fever,Typhoid fever,आंत्र ज्वर,টাইফয়েড,Homa ya matumbo,विषमज्वर,టైఫాయిడ్,ਟਾਈਫਾਈਡ ਬੁਖ਼ਾਰ,ٹائیفائیڈ,ટાઇફોઇડ,,ವಿಷಮಶೀತ ಜ್ವರ,ଟାଇଫଏଡ,,குடற்காய்ச்சல்,typhoid,میعادی بخار,ടൈഫോയ്ഡ്,tifoida febro,89
http://www.wikidata.org/entity/Q128581,breast cancer,Breast cancer,स्तन कैन्सर,স্তন ক্যান্সার,,स्तनाचा कर्करोग,రొమ్ము కాన్సర్,ਛਾਤੀ ਦਾ ਕੈਂਸਰ,,,स्तन क्यान्सर,ಮೊಲೆ ಕ್ಯಾನ್ಸರ್,ସ୍ତନ କର୍କଟ,,மார்பகப் புற்றுநோய்,स्तन क्यान्सर,سرطان پستان,സ്തനാർബുദം,mama kancero,89
http://www.wikidata.org/entity/Q157661,hepatitis A,Hepatitis A,हेपेटाइटिस ए,হেপাটাইটিস এ,Hepatitisi A,हिपॅटायटीस ए,హెపటైటిస్ ఎ,ਹੈਪੇਟਾਇਟਿਸ ਏ,ھیپاٹائٹس اے,,,,ହେପାଟାଇଟିସ ଏ,,ஹெபடைடிஸ் ஏ,हेपाटाइटिस ए,ہپاٹائٹس A,ഹെപ്പറ്റൈറ്റിസ്-എ,hepatito A,89
http://www.wikidata.org/entity/Q30953,dengue fever,Dengue fever,डेंगू,ডেঙ্গু জ্বর,homa ya ndengi,डेंग्यू ताप,డెంగీ,ਡੇਂਗੂ ਬੁਖਾਰ,ڈنگی تاپ,ડેન્ગ્યુ,,ಡೆಂಗೇ,ଡେଙ୍ଗୁ ଜର,,டெங்கு காய்ச்சல்,डेङ्गी,ڈینگی بخار,ഡെങ്കിപ്പനി,dengo,89
http://www.wikidata.org/entity/Q127724,cataract,Cataract,मोतियाबिंद,ছানি,Mtoto wa jicho,मोतीबिंदू,శుక్లము,ਮੋਤੀਆਬਿੰਦ,,,,ಮೋತಿಬಿಂದು,ପରଳ,,கண் புரை நோய்,मोतिबिन्दु,موتیا بند,തിമിരം,katarakto,88
http://www.wikidata.org/entity/Q47790,tetanus,Tetanus,धनुस्तम्भ,ধনুষ্টঙ্কার,Tetanasi,धनुर्वात,ధనుర్వాతము,ਧੁਣਖਵਾ,,,,ಧನುರ್ವಾತ,ଧନୁଷ୍ଟଙ୍କାର,,,धनुष्टंकार,,റ്റെറ്റനസ്,tetanoso,88
http://www.wikidata.org/entity/Q83030,dementia,Dementia,मनोभ्रंश रोग,ডিমেনশিয়া,Dimenshia,,,,زوال عقل,ડિમેન્શિયા,,ಬುದ್ಧಿಮಾಂದ್ಯತೆ,ଡିମେନ୍ସିଆ,,மறதிநோய்,,خرف,മേധാക്ഷയം,demenco,86
http://www.wikidata.org/entity/Q29496,leukemia,Leukemia,रक्त का कैंसर,লিউকিমিয়া,Lukemia,,,ਖੂਨ ਦੇ ਕੈਂਸਰ,,,,,ଲିଉକେମିଆ,,இரத்தப் புற்றுநோய்,,ابیضاض,രക്താർബുദം,leŭkemio,86
http://www.wikidata.org/entity/Q47715,Down syndrome,Down syndrome,डाउन सिंड्रोम,ডাউন সিন্ড্রোম,,,డౌన్ సిండ్రోమ్,ਡਾਊਨ ਸਿੰਡਰੋਮ,,ડાઉન સિન્ડ્રોમ,,ಡೌನ್ ಸಿಂಡ್ರೋಮ್,ଡାଉନ ସିଣ୍ଡ୍ରୋମ,,டெளன் நோய்க்கூட்டறிகுறி,डाउन सिन्ड्रोम,,ഡൗൺ സിൻഡ്രോം,Down-sindromo,86
http://www.wikidata.org/entity/Q47912,lung cancer,Lung cancer,फेफड़ों का कैंसर,ফুসফুসের ক্যান্সার,Saratani ya mapafu,फुफ्फुसाचा कर्करोग,ఊపిరితిత్తుల కాన్సర్,ਫੇਫੜੇ ਦਾ ਕੈਂਸਰ,,,,ಶ್ವಾಸಕೋಶದ ಕ್ಯಾನ್ಸರ್,ଫୁସଫୁସ କର୍କଟ,,நுரையீரல் புற்றுநோய்,फोक्सो क्यान्सर,پھیپھڑوں کا سرطان,ശ്വാസകോശാർബുദം,pulma kancero,86
http://www.wikidata.org/entity/Q8388,pedophilia,Pedophilia,बाल यौन शोषण,,Pedopenda,,పీడోఫిలియా,ਪੀਡੋਫਿਲੀਆ,,પીડોફિલિયા,,ಪೀಡೊಫಿಲಿಯಾ,,,சிறார் மீதான பாலுணர்வு நாட்டம்,,کم عمر بچوں سے جنسی میلان کی بیماری,പീഡോഫീലിയ,pedofilio,85
http://www.wikidata.org/entity/Q199804,chronic obstructive pulmonary disease,Chronic obstructive pulmonary disease,क्रॉनिक ऑब्सट्रक्टिव पल्मोनरी डिसीस,ক্রনিক অবস্ট্রাকটিভ পালমোনারি ডিজিজ,Ugonjwa sugu wa njia za pumzi zilizofungana,,,ਸੀ ਓ ਪੀ ਡੀ,,,,COPD,କ୍ରନିକ ଅବ୍ସ୍ଟ୍ରକ୍ଟିଭ୍ ପଲ୍ମୋନାରି ଡିଜିଜ,,நெடுங்கால சுவாச அடைப்பு நோய்,सीओपीडी,مزمن مسدودی پھیپھڑی مرض,ക്രോണിക് ഒബ്സ്ട്രക്ടീവ് പൾമൊണറി ഡിസീസ്,kronika obstrukca pneŭmonopatio,84
http://www.wikidata.org/entity/Q79928,acne,Acne,acne,ব্রণ,Chunusi,मुरुम,మొటిమ,ਫਿਣਸੀਆਂ,,,,ಮೊಡವೆ,ମୁଖ,,ஆக்னே வல்காரிஸ்,,,മുഖക്കുരു,Aknohaŭto,83
http://www.wikidata.org/entity/Q175854,phobia,Phobia,फोबिया,,,,ఫోబియా,ਫੋਬੀਆ,,,फोबिया,ಫೋಬಿಯಾ,ଫୋବିଆ,,அச்சக் கோளாறு,भय,,അകാരണഭീതി,fobio,83
http://www.wikidata.org/entity/Q176741,mumps,Mumps,गलसुआ,মাম্প্স,Matumbwitumbwi,गालफुगी,t,,,,,ಗದ್ದಕಟ್ಟು,ଗାଲୁଆ,,பொன்னுக்கு வீங்கி,हाँडे,,മുണ്ടിനീര്,mumpso,83
http://www.wikidata.org/entity/Q4340209,mental depression,Depression (mood),अवसाद,,Unyogovu,नैराश्य,,ਤਣਾਅ,,depression,,ಖಿನ್ನತೆ,ଅବସାଦ,,மனத்தளர்ச்சி,,اداسی,വിഷാദരോഗം,deprimo,82
http://www.wikidata.org/entity/Q18123741,infectious disease,Infectious disease,संक्रामक रोग,সংক্রামক রোগ,Ugonjwa wa kuambukiza,संसर्गजन्य रोग,అంటువ్యాధి,,,,,,ସଂକ୍ରାମକ ରୋଗ,,தொற்றுநோய்,सरुवा रोग चिकित्सा,متعدی امراض,,infekta malsano,82
http://www.wikidata.org/entity/Q6853,hepatitis B,Hepatitis B,हेपेटाइटिस बी,হেপাটাইটিস বি,Hepatitisi B,कावीळ-ब,హెపటైటిస్ -బి,ਹੈਪੇਟਾਈਟਿਸ ਬੀ,ھیپاٹائٹس بی,,,,ହେପାଟାଇଟିସ ବି,,ஈரல் அழற்சி பி,हेपाटाइटिस बी,ہیپاٹائٹس بی,ഹെപ്പറ്റൈറ്റിസ്-ബി,hepatito B,82
http://www.wikidata.org/entity/Q131742,hepatitis,Hepatitis,यकृत शोथ,হেপাটাইটিস,Homa ya Manjano,कावीळ,హెపటైటిస్,ਹੈਪਾਟਾਈਟਸ,ھیپاٹائٹس,,,,ହେପାଟାଇଟିସ,,கல்லீரல் அழற்சி,,التہاب جگر,ഹെപ്പറ്റൈറ്റിസ്,hepatito,81
http://www.wikidata.org/entity/Q129104,Anthrax,Anthrax,एंथ्राक्स,অ্যানথ্রাক্স,Kimeta,अँथ्रॅक्स,,,,,,,ଆନ୍ଥ୍ରାକ୍ସ,,ஆந்த்ராக்ஸ்,एन्थ्र्याक्स,,ആന്ത്രാക്സ്,antrakso,80
http://www.wikidata.org/entity/Q134649,diphtheria,Diphtheria,डिप्थीरिया,ডিপথেরিয়া,,घटसर्प,,,,,,,କଣ୍ଠଅଳତି,,,भ्यागुतेरोग,خناق,ഡിഫ്തീരിയ,difterio,80
http://www.wikidata.org/entity/Q133772,dental caries,Tooth decay,दंत-क्षरण,,Kuoza kwa meno,दंत - क्षय,దంత క్షయం,,,,,,ଦନ୍ତ କ୍ଷୟ,,பற்சொத்தை,दाँतमा कीरा लाग्ने,,ദന്തക്ഷയം,kario,79
http://www.wikidata.org/entity/Q147778,liver cirrhosis,Cirrhosis,लीवर सिरोसिस,সিরোসিস,,,,ਲਿਵਰ ਸਿਰੋਸਿਸ,,,,,ସିରୋସିସ୍,,கல்லீரல் இழைநார் வளர்ச்சி,,تشمع,സിറോസിസ്,cirozo,79
http://www.wikidata.org/entity/Q131755,bipolar disorder,Bipolar disorder,द्विध्रुवी विकार,বাইপোলার ব্যাধি,Bipolar Disorder,बायपोलर डिसऑर्डर (मानसिक आजार),బైపోలార్ డిజార్డర్,,بائی پولر ڈس آرڈر,,,,ବାଇପୋଲାର ଡିଜଅଡର,,இருமுனையப் பிறழ்வு,,بائی پولر ڈس آرڈر,,dupolusa perturbo,78
http://www.wikidata.org/entity/Q133823,migraine disorder,Migraine,माइग्रेन,মাইগ্রেন,Kipandauso,अर्धशिशी,పార్శ్వపు తలనొప్పి,ਮਾਈਗ੍ਰੇਨ,شقیقہ,આધાસિસિ બિમારિ,,ಮೈಗ್ರೇನ್,ଅଧକପାଳି,,ஒற்றைத் தலைவலி,,شقیقہ,ചെന്നിക്കുത്ത്,migreno,78
http://www.wikidata.org/entity/Q121041,appendicitis,Appendicitis,आंत में उपांत्र शोथ-एपेंडिसाइटिस,অ্যাপেন্ডিসাইটিস,,,,,,,,ಕರುಳುವಾಳುರಿತ(ಅಪೆಂಡಿಕ್ಸ್),ଆପେଣ୍ଡିସାଇଟିସ,,குடல்வாலழற்சி,एपेन्डिसाइटिस,,അപ്പെൻഡിസൈറ്റിസ്,apendicito,77
http://www.wikidata.org/entity/Q133696,color blindness,Color blindness,वर्णांधता,বর্ণান্ধতা,upofu wa rangi,,వర్ణాంధత్వం,ਰੰਗਾ ਦਾ ਅੰਨਾਪਣ,,,,,ବର୍ଣ୍ଣାନ୍ଧତା,,நிறக்குருடு,रंग अन्धता,رنگ اندھا پن,വർണ്ണാന്ധത,kolorblindeco,77
http://www.wikidata.org/entity/Q170082,psychosis,Psychosis,मनोविक्षिप्ति,সাইকোসিস,,,amit singhal,,,,,,ସାଇକୋସିସ,,,पागलपन,ذھان,ചിത്തവിഭ്രാന്തി,psikozo,76
http://www.wikidata.org/entity/Q163865,scurvy,Scurvy,स्कर्वी,,,,,,,,,,ସ୍କର୍ଭୀ,,ஸ்கர்வி,स्कर्वी,,സ്കർവി,skorbuto,75
http://www.wikidata.org/entity/Q165328,osteoporosis,Osteoporosis,ऑस्टियोपोरोसिस,অস্টিওপোরোসিস,,,బోలు ఎముకల వ్యాధి,ਓਸਟੀਓਪਰੋਰੋਸਿਸ,,,,ಆಸ್ಟಿಯೊಪೊರೋಸಿಸ್,ଓଷ୍ଟିଓପୋରୋସିସ,,எலும்புப்புரை,,,ഓസ്റ്റിയോപൊറോസിസ്,ostoporozo,75
http://www.wikidata.org/entity/Q167178,scabies,Scabies,खाज,চুলকানি,,खरूज,గజ్జి,,,,,ಕಜ್ಜಿ,କାଛୁ,,சொறி,लुतो,,സ്കാബീസ്,Skabio,75
http://www.wikidata.org/entity/Q168403,myopia,Near-sightedness,निकटदृष्टि,নিকটদৃষ্টি,Uoni mfupi,ऱ्हस्वदृष्टी,హ్రస్వదృష్టి,ਨਿਕਟ ਦ੍ਰਿਸ਼ਟੀ ਦੋਸ਼,,માયોપીઆ,,,ସମୀପଦୃଷ୍ଟି,,கிட்டப்பார்வை,अदूर दृष्टि,,ഹ്രസ്വദൃഷ്ടി,miopeco,75
http://www.wikidata.org/entity/Q173022,bronchitis,Bronchitis,श्वसनीशोथ,ব্রংকাইটিস,,ब्रोन्कायटिस,బ్రాంకైటిస్,ਬਰੋਂਕਾਇਟਿਸ,برونکائیٹس,,,ಬ್ರಾಂಕೈಟಿಸ್,ଶ୍ୱାସନଳୀ ପ୍ରଦାହ,,மூச்சுக்குழல் அழற்சி,,قصباتس,,bronkito,75
http://www.wikidata.org/entity/Q42844,major depressive disorders,Major depressive disorder,अवसाद,গুরুতর অবসাদজনিত ব্যাধি,Major Depressive Disorder,मुख्य नैराश्याचा विकार,,,,મેજર ડિપ્રેસિવ ડિસઓર્ડર,,ಪ್ರಧಾನ ಖಿನ್ನತೆಯ ಅಸ್ವಸ್ಥತೆ,ପ୍ରମୁଖ ଅବସାଦ ବେମାରୀ,,மனத்தளர்ச்சி,डिप्रेसन,کبیر اكتِئابی اضطراب,വിഷാദരോഗം,deprimo,75
http://www.wikidata.org/entity/Q129279,dysentery,Dysentery,पेचिस,রক্তাতিসার,Ugonjwa wa Kuhara,,రక్త విరేచనాలు,,,મરડો,,,,,இரத்தக்கழிசல்,आँउ,پیچش,വയറുകടി,disenterio,74
http://www.wikidata.org/entity/Q133087,gout,Gout,वातरक्त,গেঁটে বাত,Jongo,संधिवात,గౌటు,ਗਾਊਟ,,ગાંઠિયો વા,,ಕಟ್ಟುವಾರೆ,ବାତରକ୍ତ,,கீல்வாதம்,,,,Podagro,74
http://www.wikidata.org/entity/Q159701,glaucoma,Glaucoma,कांचबिंदु,গ্লুকোমা,,काचबिंदू,నీటి కాసులు,ਕਾਲਾ ਮੋਤੀਆ,کالا موتیا,,,ಗ್ಲೊಕೊಮಾ,ଗ୍ଲକୋମା,,கண் அழுத்த நோய்,जलबिन्दु,زرق,ഗ്ലോക്കോമ,glaŭkomo,74
http://www.wikidata.org/entity/Q170990,arthritis,Arthritis,संधि शोथ,বাত,,,,ਗਠੀਆ,,,,ಸಂಧಿವಾತ,ଆର୍ଥ୍ରାରାଇଟିସ,,மூட்டழற்சி,बाथ,سوزش مفصل,സന്ധിവാതം,artrito,74
http://www.wikidata.org/entity/Q132971,dyslexia,Dyslexia,डिस्लेक्सिया,,,,డిస్లెక్సియా,ਡਿਸਲੇਕਸੀਆ,,ડિસ્લેક્સીયા,,ಡಿಸ್ಲೆಕ್ಸಿಯಾ,ଅପପଠନ,,புரிந்தும் படிக்க இயலாமை,,,ഡിസ്ലെക്സിയ,Disleksio,73
http://www.wikidata.org/entity/Q154874,yellow fever,Yellow fever,पीतज्वर,পীতজ্বর,Homa ya manjano,,,,,,,ಕಾಮಾಲೆ,ପୀତ ଜ୍ୱର,,மஞ்சள் காய்ச்சல்,,زرد بخار,മഞ്ഞപ്പനി,flava febro,72
http://www.wikidata.org/entity/Q155857,rubella,Rubella,जर्मन रोमान्तिका,রুবেলা,Rubela,गोवर,,,,,,ರುಬೆಲ್ಲಾ,ରୁବେଲା,,ரூபெல்லா,,جرمن خسرہ,ജർമൻ മീസിൽസ്,rubeolo,72
http://www.wikidata.org/entity/Q156103,gastroenteritis,Gastroenteritis,जठरांत्र शोथ,,Gastroenteritis,,,ਗੈਸਟਰੋਐਂਟਰਾਈਟਸ,,,,,ଗ୍ୟାସ୍ଟ୍ରୋଏଣ୍ଟେରାଇଟିସ୍,,இரையகக்குடலிய அழற்சி,सङ्क्रामक पखाला,,ഗാസ്ട്രോ എന്ററൈറ്റിസ്,gastroenterito,72
http://www.wikidata.org/entity/Q178436,constipation,Constipation,कब्ज,কোষ্ঠকাঠিন্য,,,మలబద్దకం,,,કબજિયાત,,ಮಲಬದ್ಧತೆ,କୋଷ୍ଠକାଠିନ୍ୟ,,மலச்சிக்கல்,कब्जियत,قبض,മലബന്ധം,konstipo,71
http://www.wikidata.org/entity/Q203133,sleeping sickness,African trypanosomiasis,अफ्रीकी ट्रिपेनोसोमयासिस,আফ্রিকান ট্রাইপানোসোমিয়াসিস,Ugonjwa wa malale,,,ਅਫ਼ਰੀਕੀ ਟ੍ਰੀਪੈਨੋਸੋਮਾਇਆਸਿਸ,,,,ಆಫ್ರಿಕೀಯ ಟ್ರೈಪನೊಸೋಮಯಾಸಿಸ್,ଆଫ୍ରିକୀୟ ଟ୍ରିପାନୋସୋମିଆସିସ,,உறங்கிக்கொண்டேயிருக்கும் நோய்த்தன்மை,अफ्रिकन ट्रिपानोसोमियासिस,,ആഫ്രിക്കൻ ട്രൈപനോസോമിയാസിസ്,dormomalsano,71
http://www.wikidata.org/entity/Q167844,conjunctivitis,Conjunctivitis,नेत्र शोथ,চোখ উঠা,Kikope,,కండ్లకలక,ਅੱਖ ਦੁਖਣੀ ਆਉਣੀ,,conjunctivitis,,,ନେତ୍ରାବରଣ ପ୍ରଦାହ,,விழி வெண்படல அழற்சி,आँखा पाक्ने रोग,,ചെങ്കണ്ണ്,konjunktivito,71
http://www.wikidata.org/entity/Q179945,psoriasis,Psoriasis,छाल रोग,সোরিয়াসিস,,,సోరియాసిస్,ਸੋਰਾਇਆਸਿਸ,,,,ಸೋರಿಯಾಸಿಸ್,ସୋରିଆସିସ,,தடிப்புத் தோல் அழற்சி,सोरियासिस,چنبل,സോറിയാസിസ്,psoriazo,70
http://www.wikidata.org/entity/Q154869,hepatitis C,Hepatitis C,हेपाटाइटिस सी,হেপাটাইটিস সি,Homa ya manjano C,,hapatitis c,ਹੇਪਾਟਾਈਟਿਸ ਸੀ,ھیپاٹائٹس سی,,,,ହେପାଟାଇଟିସ ସି,,,,ہیپاٹائٹس سی,ഹെപ്പറ്റൈറ്റിസ്-സി,hepatito C,70
http://www.wikidata.org/entity/Q160105,cervical cancer,Cervical cancer,सर्वाइकल कैंसर,জরায়ুমুখ ক্যান্সার,,गर्भाशयाच्या मुखाचा कर्करोग,గర్భాశయ కాన్సర్,ਬੱਚੇਦਾਨੀ ਦਾ ਕੈਂਸਰ,سرطان عنقی,,,ಗರ್ಭಕಂಠದ ಕ್ಯಾನ್ಸರ್,ଗର୍ଭାଶୟ ଗ୍ରୀବା କର୍କଟ,,கருப்பப்பை வாய்ப் புற்றுநோய்,,سرطان عنقی,,uterkola kancero,70
http://www.wikidata.org/entity/Q331283,leishmaniasis,Leishmaniasis,काला अजार,,Leishmaniasis,लेश्मॅनियासिस,లీష్మేనియాసిస్,ਲੀਸ਼ਮੇਨਿਆਸਿਸ,,લૈશમેનિયાસિસ,,ಲೆಷ್ಮಾನಿಯಾಸಿಸ್,ଲିସମାନିଆସିସ,,லெஷ்மேனியாசிஸ்,लिशमेनिअसिस,کالا آزار,ലെയ്ഷ്മാനിയാസിസ്,,70
http://www.wikidata.org/entity/Q221159,schistosomiasis,Schistosomiasis,शिस्टोसोमा रुग्णता,সিসটোসোমায়োসিস,Kichocho,,,,,,,,ସିସ୍ଟୋସୋମିଆସିସ,,,,,,helika febro,69
http://www.wikidata.org/entity/Q183344,sinusitis,Sinusitis,साइनोसाइटिस,সাইনুসাইটিস,,,సైనసైటిస్,,,,,,ସାଇନୁସାଇଟିସ,,புரையழற்சி,पिनास,,പീനസം,sinusito,69
http://www.wikidata.org/entity/Q131749,anorexia nervosa,Anorexia nervosa,एनोरेक्सिया नर्वोज़ा,,,,అనోరెక్సియా నెర్వోసా,,,,,ಅನೋರೆಕ್ಸಿಯಾ ನರ್ವೋಸಾ,ଅରୁଚି,,பசியற்ற உளநோய்,,,,Anoreksio,69
http://www.wikidata.org/entity/Q134003,hemophilia,Haemophilia,हीमोफीलिया,হিমোফিলিয়া,,,హీమోఫిలియ,ਹੀਮੋਫਿਲਿਆ,,હીમોફીલિયા,,ಹೀಮೊಫಿಲಿಯ,ହେମୋଫିଲିଆ,,குருதி உறையாமை,हेमोफिलिया,انس الدم,ഹീമോഫീലിയ,hemofilio,69
http://www.wikidata.org/entity/Q188874,colorectal cancer,Colorectal cancer,कोलोरेक्टल कैंसर,মলাশয়ের ক্যান্সার,,मोठया आतडयाचा कर्करोग,కొలోరెక్టల్ క్యాన్సర్,ਕੋਲਨ ਕੈਂਸਰ,,,,,ବୃହଦନ୍ତ୍ର-ମଳାଶୟ କର୍କଟ,,பெருங்குடல் மலகுடலுக்குரிய புற்று நோய்,कोलोरेक्टर क्यान्सर,قولومستقیمی سرطان,,kojlorektuma kancero,69
http://www.wikidata.org/entity/Q183130,gastritis,Gastritis,आमाशयार्ति,গ্যাস্ট্রিক,Vidonda vya tumbo,,,,,,,,ପାକସ୍ଥଳୀ ପ୍ରଦାହ,,இரைப்பை அழற்சி,अम्लपित्त,,,gastrito,68
http://www.wikidata.org/entity/Q186470,tonsillitis,Tonsillitis,गलगुटिकाशोथ,,Mafindofindo,,,,,,,,ଟନସିଲାଇଟିସ,,அடிநா அழற்சி,टन्सिलाइटिस,,ടോൺസിലൈറ്റിസ്,tonsilito,68
http://www.wikidata.org/entity/Q161790,Asperger syndrome,Asperger syndrome,अस्पेर्गेर सिंड्रोम,অ্যাসপারগারের লক্ষণ,,,,,,,,,ଆସ୍ପର୍ଗର୍ ସିଣ୍ଡ୍ରୋମ୍,,அசுபெர்கர் கூட்டறிகுறி,,,,sindromo de Asperger,68
http://www.wikidata.org/entity/Q181257,prostate cancer,Prostate cancer,,প্রোস্টেট ক্যান্সার,,पौरुष ग्रंथीचा कर्करोग,పౌరుష గ్రంధి క్యాన్సర్,,,પ્રોસ્ટેટ ગ્રંથીનું કેંસર,,,ପ୍ରୋସ୍ଟେଟ କର୍କଟ,,முன்னிற்குஞ்சுரப்பி புற்றுநோய்,,پروسٹیٹ کینسر,,prostata kancero,67
http://www.wikidata.org/entity/Q184674,erectile dysfunction,Erectile dysfunction,स्तम्भन दोष,লিঙ্গোত্থান অক্ষমতা,,,నపుంసకత్వం,,,,,ನಪುಂಸಕತೆ,,,விறைக்க முடியாமை,,,,impotenteco,67
http://www.wikidata.org/entity/Q202387,post-traumatic stress disorder,Posttraumatic stress disorder,,আঘাত পরবর্তী চাপজনিত ব্যাধি,Posttraumatic Stress Disorder,आघातानंतरच्या ताणाचा विकार,,,,,,,ଆଘାତୋତ୍ତର ଚାପ ବେମାରୀ,,அதிர்ச்சிக்குப் பிறகான மன அழுத்தப் பாதிப்பு,,مابعد صدمہ تناؤ کی بدنظمی,,posttraŭmata streĉa obstrukco,67
http://www.wikidata.org/entity/Q172941,peptic ulcer disease,Peptic ulcer disease,पैप्टिक अल्सर,পেপ্টিক আলসার,Kidonda cha duodenamu,,కడుపులో పుండు,ਪੇਪਟਿਕ ਅਲਸਰ,,,,ಜಠರ/ಜಠರೀಯ ಹುಣ್ಣು/ವ್ರಣ,ଅମ୍ଳରୋଗ,,வயிற்றுப் புண்,,,പെപ്റ്റിക് അൾസർ,stomaka ulcero,67
http://www.wikidata.org/entity/Q11072,amnesia,Amnesia,स्मृतिलोप,অস্মার,,,,ਅਮਨੇਸ਼ੀਆ,,,,ಮರೆವು,,,மறதி,,,അമ്നീഷ്യ,amnezio,67
http://www.wikidata.org/entity/Q155098,leptospirosis,Leptospirosis,लेप्टोस्पाइरता,,Leptospirosis,,,,,લેપ્ટોસ્પાઇરોસિસ,,,ଲେପ୍ଟୋସ୍ପାଇରୋସିସ୍,,லெப்டோஸ்பிரோசிஸ்,लेप्टोस्पिरोसिस,,എലിപ്പനി,,67
http://www.wikidata.org/entity/Q180614,melanoma,Melanoma,मेलेनोमा,,,,మెలనోమా,ਮੇੇੇੈਲਾਨੋਮਾ,,,मेलानोमा,,ମେଲାନୋମା,,கரும்புற்றுநோய்,,اسودینومہ,,melanomo,66
http://www.wikidata.org/entity/Q8277,multiple sclerosis,Multiple sclerosis,बहुसृत काठिन्य,মাল্টিপল স্ক্লেরোসিস,Sklerosisi ya sehemu nyingi,मल्टिपल स्क्लेरॉसिस,,,,,,,ମଲ୍ଟିପ୍ଲସ୍କ୍ଲେରୋସିସ,,தண்டுவட மரப்பு நோய்,,,മൾട്ടിപ്പിൾ സ്ക്ലീറോസിസ്,multloka sklerozo,66
http://www.wikidata.org/entity/Q103177,severe acute respiratory syndrome,Severe acute respiratory syndrome,सीवियर एक्यूट रेस्पिरेटरी सिंड्रोम,,,सार्स,,ਸਾਰਸ,,,,,,,சார்சு,,,സിവിയർ അക്യൂട്ട് റെസ്പിറേറ്ററി സിൻഡ്രോം,Netipa pneŭmonio,65
http://www.wikidata.org/entity/Q6473911,herpes simplex,Herpes simplex,सरल परिसर्प,হার্পিস সিমপ্লেক্স,Ugonjwa wa hepesi simpleksi,,సర్పి,,,,,ಸರ್ಪ ಸುತ್ತು,ହର୍ପିସ୍ ସିମ୍ପ୍ଲେକ୍ସ୍,,அக்கி,,ہرپیز,,herpeto,65
http://www.wikidata.org/entity/Q1485,systemic lupus erythematosus,Systemic lupus erythematosus,,,,,,,,,,ಸಿಸ್ಟೆಮಿಕ್ ಲ್ಯೂಪಸ್ ಎರಿಥ್ಮೆಟೋಸಸ್,ସିସ୍ଟମିକ ଲୁପସ ଏରିଦେମାଟୋସସ,,சிஸ்டமிக் லூபஸ் எரிதிமாடோசஸ்,,,സിസ്റ്റമിക് ലൂപ്പസ് എരിത്തമറ്റോസിസ്,sistema lupuso eritema,65
http://www.wikidata.org/entity/Q11088,Coeliac Disease,Coeliac disease,सीलिएक रोग,,,,,,,,,,ସିଲିଆକ୍ ଡିଜିଜ୍,,குளூட்டன் ஒவ்வாமை,,مرض سیلیئک,Celiac disease,Celiakio,65
http://www.wikidata.org/entity/Q179951,strabismus,Strabismus,,,,,మెల్లకన్ను,,,,,ಮೆಳ್ಳೆಗಣ್ಣು,ଟେରା ଦୋଷ,,மாறுகண்,,حول,കോങ്കണ്ണ്,Strabismo,64
http://www.wikidata.org/entity/Q180152,vitiligo,Vitiligo,विटिलिगो,শ্বেতী রোগ,,,బొల్లి,ਵਿਟਿਲਿਗੋ,,,,ವಿತಿಲಿಗೋ,ଧବଳ ଛଉ,,தோல் நிறமி இழத்தல்,,,വെള്ളപ്പാണ്ട്,vitiligo,64
http://www.wikidata.org/entity/Q180266,scarlet fever,Scarlet fever,,,,,స్కార్లెట్ జ్వరం,,,,,,ସ୍କାରଲେଟ ଜ୍ୱର,,செங்காய்ச்சல்,,سرخ بخار,,skarlatino,64
http://www.wikidata.org/entity/Q649558,Chagas disease,Chagas disease,चगास रोग,চেগাস ডিজিজ,,,,ਚਾਗਸ ਰੋਗ,,ચાગસ રોગ,,,ଚାଗାସ୍ ରୋଗ,,இரத்த ஒட்டுண்ணி நோய்,चगास रोग,,,malsano de Chagas,64
http://www.wikidata.org/entity/Q165135,goiter,Goitre,घेंघा रोग,গলগন্ড,,,గ్రంథివాపు వ్యాధి,,,,,ಗಂಟಲುವಾಳ ರೋಗ,,,முன்கழுத்துக் கழலை,गलगाँड,,തൊണ്ടമുഴ,,64
http://www.wikidata.org/entity/Q184084,beriberi,Thiamine deficiency,बेरीबेरी,বেরিবেরি,,,బెరిబెరి,,,,,,ଥିଆମିନ ଅଭାବ,,பெரிபெரி,,,,Beribero,63
http://www.wikidata.org/entity/Q206901,amyotrophic lateral sclerosis,Amyotrophic lateral sclerosis,पेशीशोषी पार्श्व काठिन्य,,Sklerosisi ya kimiotrofia ya pembezoni,,,,,,,,ଆମାୟୋଟ୍ରୋଫିକ୍ ଲାଟେରାଲ ସ୍କ୍ଲେରୋସିସ୍,,அமையோட்ரோபிக் லேட்டரல் ஸ்க்லெரோசிஸ்,,,അമിട്രോഫിക് ലാറ്ററൽ സ്ക്ലീറോസിസ്,amiotrofa lateralsklerozo,63
http://www.wikidata.org/entity/Q179630,syndrome,Syndrome,संलक्षण,,,,,,,,,,ସିଣ୍ଡ୍ରୋମ,,,,طبی علامات,,sindromo,62
http://www.wikidata.org/entity/Q154865,botulism,Botulism,,বটুলিসম,,,,,,,,,ବୋଟୁଲିଜ୍ମ,,பாட்டுலைனியம்,,کلمگی,,Botulismo,62
http://www.wikidata.org/entity/Q189580,acromegaly,Acromegaly,,,,,,,,,,,ଆକ୍ରୋମେଗାଲି,,,,,അക്രോമെഗാലി,akromegalio,62
http://www.wikidata.org/entity/Q201989,Lyme disease,Lyme disease,,,,,,,,,,,ଲାଇମ ରୋଗ,,,,,ലൈം രോഗം,boreliozo Lyme,62
http://www.wikidata.org/entity/Q177254,hyperopia,Far-sightedness,दूर दृष्टि दोष,,,,దూరదృష్టి,ਦੂਰ ਦ੍ਰਿਸ਼ਟੀ ਦੋਸ਼,,,,ದೂರದೃಷ್ಟಿ,ଦୂରଦୃଷ୍ଟି,,எட்டப் பார்வை,दूर दृष्टि,,ദീർഘദൃഷ്ടി,Hipermetropio,62
http://www.wikidata.org/entity/Q178190,obsessive-compulsive disorder,Obsessive–compulsive disorder,मनोग्रसित-बाध्यता विकार,অত্যধিক-অমোঘ ব্যাধি,,अत्याग्रही विकार,,,,,,,ଅବସେସିଭ-କମ୍ପଲସିଭ ଡିଜଅର୍ଡ଼ର,,பெருவிருப்ப கட்டாய மனப்பிறழ்வு,,وسواسی اجباری اضطراب,leprasy,obseda-kompulsia malsano,61
http://www.wikidata.org/entity/Q179399,infertility,Infertility,अनुर्वरता,,,,సంతానలేమి,,,,,ಬಂಜೆತನ,ଅନୁବ୍ରରତା,,மலட்டுத்தன்மை,,عُقم,വന്ധ്യത,nefekundeco,61
http://www.wikidata.org/entity/Q181923,attention deficit hyperactivity disorder,Attention deficit hyperactivity disorder,ध्यानाभाव एवं अतिसक्रियता विकार,,Tatizo la Kupepesuka lenye Ukosefu wa Umakinifu,,,ਅਟੈਨਸ਼ਨ ਡੈਫੀਸਿਟ ਹਾਈਪਰ ਐਕਟੀਵਿਟੀ ਡਿਸਆਰਡਰ,,,,,ଧ୍ୟାନାଭାବ ଓ ଅତିସକ୍ରିୟତା ବିକାର,,அவதானக் குறை மிகையியக்கம் குறைபாடு,,,അറ്റൻഷൻ ഡെഫിസിറ്റ് ഹൈപ്പർ ആക്ടിവിറ്റി ഡിസോർഡർ,atentomanka-hiperaktiva perturbo,61
http://www.wikidata.org/entity/Q190965,transsexualism,Transsexual,,রূপান্তরকামিতা,,,,,,,,,,,,विषुलिङ्गी,,,transsekseco,61
http://www.wikidata.org/entity/Q199615,encephalitis,Encephalitis,मस्तिष्क ज्वर,মস্তিস্ক জর,Uvimbe wa ubongo,चमकी (ताप),మెదడువాపు,,,,,,ଏନସେଫାଲାଇଟିସ,,மூளையழற்சி,,,,encefalito,61
http://www.wikidata.org/entity/Q160649,typhus,Typhus,,টাইফাস জ্বর,,,,,,,,,ଟାଇଫସ,,டைஃபஸ்,,ٹائفَس,,tifo,61
http://www.wikidata.org/entity/Q174857,scoliosis,Scoliosis,मेरुवक्रता,,,,పార్శ్వగూని,,,,,ಸ್ಕೋಲಿಯೋಸಿಸ್,ମେରୁବକ୍ରତା,,ஸ்கோலியோசிஸ்,,,scoliosis,skoliozo,61
http://www.wikidata.org/entity/Q177895,astigmatism,Astigmatism,,,,,,,,,,,ଆଷ୍ଟିଗମାଟିଜ୍ମ,,புள்ளிக்குவியமில்குறை,,,,Astigmatismo,60
http://www.wikidata.org/entity/Q178194,cystic fibrosis,Cystic fibrosis,सिस्टिक फाइब्रोसिस,,Uvimbe wa fibrosisi,,,,,,,,ସିସ୍ଟିକ୍ ଫାଇବ୍ରୋସିସ୍,,,,,,Mukoviskozeco,60
http://www.wikidata.org/entity/Q182155,herpes zoster,Shingles,nagin,,Tutuko zosta,,హర్ప్స్ జొస్టర్,ਜਨੇਊ ਰੋਗ,,,,,ହର୍ପିସ୍ ଜୋସ୍ଟର,,அக்கி அம்மை,जनै खटिरा,,,zostero,60
http://www.wikidata.org/entity/Q193216,trachoma,Trachoma,रोहे,ট্রাকোমা,Trakoma,,ట్రకోమా,,,,,,ଟ୍ରାକୋମା,,டிராக்கோமா,,,ട്രക്കോമ,Trakomo,60
http://www.wikidata.org/entity/Q62736,osteoarthritis,Osteoarthritis,अस्थिसंध्यार्ति,,,,,,,,,ಅಸ್ಥಿ ಸಂಧಿವಾತ,ଓଷ୍ଟିଓଆର୍ଥ୍ରାଇଟିସ,,முதுமை மூட்டழற்சி,,آسٹیو آرتھیرائٹیس,,artrozo,60
http://www.wikidata.org/entity/Q183560,intellectual disability,Intellectual disability,मानसिक मन्दन,,,,మెంటల్ రిటార్డేషన్,,,,,,ବୌଦ୍ଧିକ ଅକ୍ଷମତା,,மனவளர்ச்சிக் குறை,,,,intelekta malkapablo,59
http://www.wikidata.org/entity/Q183392,rickets,Rickets,सूखा रोग,রিকেটস্,Matege,,,ਰਿਕਿਟਸ,,,,ರಿಕೆಟ್ಸ್,ରିକେଟ,,என்புருக்கி நோய்,,,,Rakito,59
http://www.wikidata.org/entity/Q186676,stuttering,Stuttering,हकलाना,,Kigugumizi,,నత్తి,,,,,ಉಗ್ಗು,,,திக்குவாய்,,ہکلاہٹ,വിക്ക്,Balbutado,59
http://www.wikidata.org/entity/Q192102,skin cancer,Skin cancer,,,,त्वचेचा कर्करोग,,ਚਮੜੀ ਦਾ ਕੈਂਸਰ,,,,ಚರ್ಮ ಕ್ಯಾನ್ಸರ್,ତ୍ଵକ କର୍କଟ,,தோல் புற்றுநோய்,,جلدی سرطان,,haŭta kancero,59
http://www.wikidata.org/entity/Q1472,Crohn's disease,Crohn's disease,,,,,క్రోన్స్ వ్యాధి,,,ક્રોહનનો રોગ,,ಕ್ರೋನ್ಸ್ ಕಾಯಿಲೆ,କ୍ରନ୍ ରୋଗ,,குரோன் நோய்,,,,Crohn-malsano,59
http://www.wikidata.org/entity/Q1137321,onchocerciasis,Onchocerciasis,ऑंकोसर्कॉय्सिस,,Upofu wa mto,,,,,,,,ଅଙ୍କୋସର୍ସିଆସିସ,,ஒன்கொசிர்கியாசிஸ்,अन्कोसर्सिआसिस,,Onchoceriasis,Onĥocerciazo,59
http://www.wikidata.org/entity/Q185034,sickle-cell disease,Sickle cell disease,सिकल-सेल रोग,কাস্তে-কোষ ব্যাধি,,सिकलसेल,సికిల్ సెల్ వ్యాధి,,,સિકલસેલ એનીમિયા રોગ,,ಕುಡಗೋಲು-ಕಣ ರೋಗ,ସିକ୍ଲ ସେଲ୍ ରୋଗ,,அரிவாள்செல் சோகை,,,അരിവാൾ കോശ വിളർച്ച,serpoĉela anemio,58
http://www.wikidata.org/entity/Q187255,rheumatoid arthritis,Rheumatoid arthritis,आमवातीय संधिशोथ,,,,rheumatoidal arthitis,,,,,,ରିଉମାଟଏଡ ଆର୍ଥ୍ରାଇଟିସ,,முடக்கு வாதம்,,,,reŭmatoida artrito,58
http://www.wikidata.org/entity/Q190564,Huntington disease,Huntington's disease,हनटिंग्टन रोग,,,,హంటింగ్టన్'స్ వ్యాధి,,,,,ಹಂಟಿಂಗ್ಟನ್ನ ಕಾಯಿಲೆ,ହଣ୍ଟିଙ୍ଗଟନ୍ସ ଡିଜିଜ,,,,,,malsano de Huntington,58
http://www.wikidata.org/entity/Q174589,agoraphobia,Agoraphobia,जनातंक,,,,,,,એગોરાફોબિયા,,ಅಗೋರಾಫೋಬಿಯಾ,ଆଗୋରାଫୋବିଆ,,,,,,Agorafobio,58
http://www.wikidata.org/entity/Q2836,aphasia,Aphasia,वाचाघात,,,,అఫాసియా,,,,,,,,அபேசியா,,عدمِ کلام,,Afazio,58
http://www.wikidata.org/entity/Q202173,hordeolum,Stye,अंजनहारी,,,रांजणवाडी,,,,આંજણી,,ಕಣ್ಣುಕುಟಿಕೆ,ଆଲୁଅ,,,,غلونکی,കൺകുരു,,58
http://www.wikidata.org/entity/Q178059,paraphilia,Paraphilia,अपकामुकता,যৌনবিকৃতি,,,,,,,,,,,பாலியல் நெறிபிறழ்வு,,,,parafilio,57
http://www.wikidata.org/entity/Q184559,arteriosclerosis,Arteriosclerosis,धमनीकाठिन्य,,,,,,,,,,,,தமனிக்கூழ்மைத் தடிப்பு,,صلابت شریان,അഥീറോസ്ക്ളിറോസിസ്,arteriosklerozo,57
http://www.wikidata.org/entity/Q152401,foot-and-mouth disease,Foot-and-mouth disease,मुंहपका-खुरपका रोग,,,,నోరు మరియు కాలి వ్యాధి,ਮੂੰਹ-ਖੁਰ ਦਾ ਰੋਗ,,,,,,,கோமாரி நோய்,,منہ کھر(بیماری),കുളമ്പുരോഗം,Afta febro,57
http://www.wikidata.org/entity/Q842428,ascariasis,Ascariasis,एस्कारियासिस,অ্যাস্কারিয়াসিস,Safura,,,ਏਸਕਾਰਿਆਸਿਸ,,એસ્કેરિયાસિસ,,ಅಸ್ಕಾರಿಯಾಸಿಸ್,ଜିଆ ରୋଗ,,அஸ்கரியேசிஸ்,एस्कारियासिस,,അസ്കാരിയാസിസ്,askaridozo,57
http://www.wikidata.org/entity/Q184627,Human papillomavirus infection,Human papillomavirus infection,ह्यूमेन पेपिलोमावाइरस,,,,మానవ పాపిల్లోమా వైరస్,,,,,,ପାପିଲୋମାଭୁତାଣୁ ସଂକ୍ରମଣ,,மனித சடைப்புத்துத் தீ நுண்மம்,,انسانی ورم حلیمی وائرس,ഹ്യൂമൻ പാപ്പിലോമ വൈറസ്,homa papilomviruso,56
http://www.wikidata.org/entity/Q389735,cardiovascular disease,Cardiovascular disease,हृदयवाहिका रोग,হৃদ রোগ,,,గుండె రక్తనాళాల వ్యాధి,ਕਾਰਡੀਓਵੈਸਕੁਲਰ ਰੋਗ,,heart failure,,ಹೃದಯರೋಗ,ହୃଦରକ୍ତନାଳୀ ରୋଗ,,இதயக் குழலிய நோய்,हृदयवाहिका रोग,مرض نظام قلب و عروقی,,kardivaskulsistema malsano,56
http://www.wikidata.org/entity/Q189561,narcolepsy,Narcolepsy,,,,नार्कोलेप्सी,,,,,,ನಾರ್ಕೊಲೆಪ್ಸಿ ಎಂಬ ಒಂದು ನಿದ್ರಾರೋಗ,ନିଦ୍ରାବେଶ;,,lakshan,,نارکولیپسی,,narkolepsio,56
http://www.wikidata.org/entity/Q189588,stomach cancer,Stomach cancer,,পাকস্থলী ক্যান্সার,,जठराचा कर्करोग,జీర్ణాశయ క్యాన్సర్,ਢਿੱਡ ਦਾ ਕੈਂਸਰ,,,,,ପାକସ୍ଥଳୀ କର୍କଟ,,இரைப்பைப் புற்றுநோய்,,معدہ کا سرطان,,stomaka kancero,56
http://www.wikidata.org/entity/Q156050,brucellosis,Brucellosis,संक्रामक गर्भपात,,,,,ਬਰੂਸੀਲੋਸਿਸ,,,,ಬ್ರುಸೆಲ್ಲೋಸಿಸ್ - ಜಾನುವಾರು ರೋಗ,,,,,,മാൾട്ടാപനി,brucelozo,56
http://www.wikidata.org/entity/Q8392,zoophilia,Zoophilia,पशु-रति,পশুকামিতা,,,జంతువులతో సంభోగం,,,,,,,,விலங்குகளுடனான பாலுறவு,,,,Zoofilio,56
http://www.wikidata.org/entity/Q185137,thalassemia,Thalassemia,थैलीसीमिया,থ্যালাসেমিয়া,,थॅलसीमिया,తలసేమియా,ਥੈਲੇਸੇਮੀਅਾ,,thelessimya,,ಥಲಸ್ಸಿಮಿಯಾ,ଥାଲାସେମିଆ,,தலசீமியா,,تھیلیسیمیا,,,56
http://www.wikidata.org/entity/Q202837,cardiac arrest,Cardiac arrest,पूर्णहृदरोध,,,,హృదయ స్తంభన,,,હૃદયસ્તંભતા,हृदयघात,ಹೃದಯ ಸ್ತಂಭನ,ହୃଦ୍ରୋଧ,,இதய நிறுத்தம்,हृदयघात,بندش قلب,ഹൃദയസ്തംഭനം,,56
http://www.wikidata.org/entity/Q187440,urticaria,Hives,शीतपित्त,,,,,ਸ਼ੀਤਪਿਤ,,,,,ହାଇଭ୍ସ,,,,,ആർട്ടികേറിയ,urtikario,55
http://www.wikidata.org/entity/Q172341,ovarian cancer,Ovarian cancer,अंडाशय कैंसर,ডিম্বাশয় ক্যান্সার,,बीजांडांचा कर्करोग,,ਅੰਡਕੋਸ਼ ਕੈਂਸਰ,,,,,ଓଭାରି କର୍କଟ,,சூல்பைப் புற்றுநோய்,,مبیضی سرطان,അണ്ഡാശയ അർബുദം,ovaria kancero,55
http://www.wikidata.org/entity/Q8282,Addison's disease,Addison's disease,,,,,,,,,,,ଆଡିସନ୍ ରୋଗ,,அடிசன் நோய்,,,അഡിസൺ രോഗം,malsano de Addison,55
http://www.wikidata.org/entity/Q8285,myasthenia gravis,Myasthenia gravis,मियासथीनिया ग्रेविस,,,,మయస్థినియా గ్రావిస్,,,,,,ମ୍ୟାସ୍ଥେନିଆ ଗ୍ରାଭିସ,,தசைக் களைப்பு,,,മൈസ്തീനിയ,miastenio grava,55
http://www.wikidata.org/entity/Q16501,hypothyroidism,Hypothyroidism,हाइपोथाइरॉयडिज़्म,হাইপোথাইরয়েডিজম,,,హైపో థైరాయిడిజం,,,,,,ଗଳଗ୍ରନ୍ଥି ସ୍ୱଳ୍ପକ୍ରିୟତା,,தைராய்டு சுரப்புக் குறை,हाइपोथाइरोडिजम,,,Hipotiroidismo,55
http://www.wikidata.org/entity/Q208414,lymphoma,Lymphoma,,,,,,,,,,,ଲିମ୍ଫୋମା,,நிணநீர்ப்புற்றுநோய்,,لیمفو ما,ലിംഫോമ,limfomo,54
http://www.wikidata.org/entity/Q212961,pancreatic cancer,Pancreatic cancer,अग्नाशय कैंसर,অগ্নাশয়ের ক্যান্সার,,,ప్యాంక్రియాటిక్ క్యాన్సర్,,,,,,ଅଗ୍ନାଶୟ କର୍କଟ,,கணைய புற்று நோய்,,سرطان لبلبہ,,pankreata karcinomo,54
http://www.wikidata.org/entity/Q191779,Tourette syndrome,Tourette syndrome,,,,,,,,,,ಟುರೆಟ್ ಸಿಂಡ್ರೋಮ್,,,தொரட் கூட்டறிகுறி,,,,La Tureta malsano,54
http://www.wikidata.org/entity/Q28693,miscarriage,Miscarriage,गर्भस्राव,গর্ভস্রাব,Mimba kuharibika,गर्भस्राव,మిస్క్యారేజ్,ਗਰਭ ਗਿਰਨਾ,,,,ಗರ್ಭಪಾತ,ସ୍ୱତଃ ଗର୍ଭପାତ,,கருச்சிதைவு,,,ഗർഭമലസൽ,spontanea aborto,54
http://www.wikidata.org/entity/Q1527888,pancreatitis,Pancreatitis,अग्नाशयशोथ,পেণ ক্রীআ ট,,,క్లోమ క్రోధం,,,,,,ଅଗ୍ନାଶୟ ପ୍ରଦାହ,,கணைய அழற்சி,,,,pankreatito,54
http://www.wikidata.org/entity/Q153356,chlamydia infection,Chlamydia,क्लैमाइडिया संक्रमण,ক্লামিডিয়া,Klamidia,,క్లామిడియా సంక్రమణం,,,,,,କ୍ଲାମିଡିଆ ସଂକ୍ରମଣ,,கிளமிடியா,,,,,54
http://www.wikidata.org/entity/Q205214,Guillain–Barré Syndrome,Guillain–Barré syndrome,,গুলেন বারি সিনড্রোম,,,,,,,,,ଗୁଲେନ-ବାରେ ସିଣ୍ଡ୍ରୋମ,,guillain barre syndrome,,,,sindromo de Guillain-Barré,53
http://www.wikidata.org/entity/Q205764,endometriosis,Endometriosis,,,Endometriosisi,,,,,,,,ଏଣ୍ଡୋମେଟ୍ରିଓସିସ,,இடமகல் கருப்பை அகப்படலம்,,,Endometriosis,Endometriozo,53
http://www.wikidata.org/entity/Q7758678,night blindness,Nyctalopia,रतौंधी,রাতকানা,,,రేచీకటి,,,,,ಇರುಳುಗಣ್ಣು,,,மாலைக்கண்,,شبکوری,നിശാന്ധത,noktblindeco,53
http://www.wikidata.org/entity/Q105434,hypochondriasis,Hypochondriasis,रोगभ्रम,,,,,,,,,,,,,रोगभ्रम,,,Hipoĥondrio,52
http://www.wikidata.org/entity/Q219223,lactose intolerance,Lactose intolerance,लैक्टोस इंटोलरेंस,,,दधिभक्षणदोष,,,,,,,ଲାକ୍ଟୋଜ ଅସହନଶୀଳତା,,முலைப்பால் வெல்லம் தாளாமை,,,,netolereco de laktozo,52
http://www.wikidata.org/entity/Q222634,Cleft lip and cleft palate,Cleft lip and cleft palate,कटे-फटे होंठ व तालु,,,,గ్రహణం మొర్రి,,,,,,ଗ୍ରହଣ ଖଣ୍ଡିଆ,,உதடு மற்றும் அண்ணப் பிளவை,,,മുച്ചുണ്ടും മുറിയണ്ണാക്കും,fendlipo,52
http://www.wikidata.org/entity/Q243257,chikungunya,Chikungunya,चिकनगुनिया,চিকুনগুনিয়া,,चिकुनगुनिया,చికన్గన్యా,,,,,ಚಿಕೂನ್ ಗುನ್ಯಾ,ଚିକନଗୁନିଆ,,சிக்குன்குனியா,चिकनगुन्या,,ചിക്കുൻഗുനിയ,Ĉikungunjo,52
http://www.wikidata.org/entity/Q154666,bovine sponginess encephalitic,Bovine spongiform encephalopathy,,,,,,,,,,,ବୋଭାଇନ ସ୍ପୋଞ୍ଜିଫର୍ମ ଏନକେଫାଲୋପାଥି,,,,,ഭ്രാന്തിപ്പശുരോഗം,bova spongoforma encefalopatio,52
http://www.wikidata.org/entity/Q43405,exhibitionism,Exhibitionism,,প্রদর্শনকামনা,,,,,,,,,,,,,,,ekshibiciismo,52
http://www.wikidata.org/entity/Q844935,coronary artery disease,Coronary artery disease,,হৃৎ-ধমনীর ব্যাধি,,,కొరోనరీ ఆర్టరీ వ్యాధి,,,,,,କରୋନାରୀ ଧମନୀ ରୋଗ,,குருதி ஊட்டக்குறை இதய நோய்,,,,,52
http://www.wikidata.org/entity/Q223591,gastroesophageal reflux disease,Gastroesophageal reflux disease,एसिडिटी,,,,గ్యాస్ట్రో ఈసోఫేగల్ రిఫ్లెక్స్ వ్యాధి,,,,,,ଗାସ୍ଟ୍ରୋଏସୋଫେଜିଆଲ ରିଫ୍ଲକ୍ସ ଡିଜିଜ,,இரையக உண்குழலியப் பின்னோட்ட நோய்,,,,gastroezofaga reflua malsano,51
http://www.wikidata.org/entity/Q246068,cysticercosis,Cysticercosis,सिस्टसरकोसिस,,,,,,,,,ಸಿಸ್ಟೀಸರ್ಕೋಸಿಸ್,ସିସ୍ଟିସର୍କୋସିସ,,,सिस्टाइसेर्कोसिस,,,Cisticerkozo,51
http://www.wikidata.org/entity/Q270673,personality disorder,Personality disorder,व्यक्तित्व विकार,,,,,,,,,,,,ஆளுமைச் சிதைவு,,,,personeca malsano,51
http://www.wikidata.org/entity/Q194041,phenylketonuria,Phenylketonuria,,,,,,,,,,,ଫିନାଇଲକିଟୋନୁରିଆ,,பினைல் கீட்டோன் கழிவு,,,,fenilketonurio,51
http://www.wikidata.org/entity/Q202758,hypoglycemia,Hypoglycemia,अधोमधुरक्तता,,,,,,,,,ಸಕ್ಕರೆ ಕೊರತೆ ರೋಗ,ନିମ୍ନ ରକ୍ତ ଶର୍କରା,,இரத்தச் சர்க்கரைக் குறைவு,,,ഹൈപ്പോഗ്ലൈസീമിയ,Hipoglikemio,51
http://www.wikidata.org/entity/Q202849,Turner syndrome,Turner syndrome,टर्नर सिंड्रोम,,,,టర్నర్ సిండ్రోమ్,ਟਰਨਰ ਸਿੰਡਰੋਮ,,,,ಟರ್ನರ್ ಸಿಂಡ್ರೋಮ್,ଟର୍ନର ସିଣ୍ଡ୍ରୋମ,,தேர்னர் கூட்டறிகுறி,,,,sindromo de Turner,51
http://www.wikidata.org/entity/Q203601,Pneumothorax,Pneumothorax,वातिलवक्ष,,,,న్యూమోథొరాక్స్,,,,,,ନିମୋଥୋରାକ୍ସ,,நுரையீரல் சவ்விடை வளிமத்தேக்கம்,,,,pneŭmotorako,51
http://www.wikidata.org/entity/Q8071861,Zika fever,Zika fever,ज़िका बुखार,জিকা জ্বর,Homa ya Zika,,,,,,,,ଜିକା ଜ୍ୱର,,,,,സിക വൈറസ് രോഗം,Zika febro,51
http://www.wikidata.org/entity/Q836356,croup,Croup,कंठ-रोग,খুংরিকাশি,Kifaduro,,పిల్లికూత వ్యాధి,ਖਰਖਰੀ,,,,,ଉର୍ଦ୍ଧ୍ଵଶ୍ଵାସନଳୀ ପ୍ରଦାହ,,தொண்டைக் கட்டு,,,,krupo,51
http://www.wikidata.org/entity/Q16483,toxic diffuse goiter,Graves' disease,,গ্রেভস ডিজিজ,,,,,,,,,ଗ୍ରେଭସ ରୋଗ,,,,,,Malsano de Basedow,51
http://www.wikidata.org/entity/Q221668,urinary tract infection,Urinary tract infection,मूत्र मार्ग संक्रमण,মূত্রনালীতে সংক্রমণ,Maambukizi ya mfumo wa viungo vya mkojo,मूत्रमार्ग संसर्ग,మూత్ర నాళ సంక్రమణం,ਪਿਸ਼ਾਬ ਨਾਲੀ ਦੀ ਲਾਗ,,,,,ମୂତ୍ରାଙ୍ଗ ସଂକ୍ରମଣ,,சிறுநீர்ப்பாதைத் தொற்று,मूत्रमार्ग संक्रमण,,മൂത്രാശയത്തിലെ അണുബാധ,,51
http://www.wikidata.org/entity/Q207855,amblyopia,Amblyopia,मंददृष्टि,,,,,,,,,,କ୍ଷୀଣ ଦୃଷ୍ଟି,,,,تَنبلئِ چشم,,Ambilopio,50
http://www.wikidata.org/entity/Q476921,renal insufficiency,Kidney failure,,,,,,ਗੁਰਦਾ ਫੇਲ੍ਹ,,,,,ବୃକ୍କ ବିଫଳତା,,சிறுநீரகச் செயலிழப்பு,,گردے فیل,,rena malfunkcio,50
http://www.wikidata.org/entity/Q261327,thrombosis,Thrombosis,घनास्रता,,,,,,,,,,,,குழலியக்குருதியுறைமை,डिप भेन थ्रोम्बोसिस,انجماد خون,ത്രോംബോസിസ്,trombozo,50
http://www.wikidata.org/entity/Q272436,allergic rhinitis,Allergic rhinitis,परागज ज्वर,,,,,,,,,,ଆଲର୍ଜିକ ନାକ ପ୍ରଦାହ,,,,پولن الرجی,,Rinito,50
http://www.wikidata.org/entity/Q281928,social phobia,Social anxiety disorder,सामाजिक दुर्भीति,সামাজিক দূর্ভীতি ব্যাধি,,,,,,,,,,,,,,,socia anksia perturbo,50
http://www.wikidata.org/entity/Q201180,varicose veins,Varicose veins,अपस्फीत शिरा,,,,,,,,,,ଭେରିକୋଜ ଭେନ,,விரிசுருள் சிரை நோய்,,,വേരിക്കോസ് വെയിൻ,variko,50
http://www.wikidata.org/entity/Q207087,ectopic pregnancy,Ectopic pregnancy,,,,,,,,,,,ଅଥାନ ଗର୍ଭ,,வேற்றிடச்சூல்,,,ഗർഭാശയേതര ഗർഭം,Ektopia gravedeco,50
http://www.wikidata.org/entity/Q207791,fetishism,Sexual fetishism,बुत,যৌন প্রতিমা,,,,,,,,,,,,,,,fetiĉo,50
http://www.wikidata.org/entity/Q207367,infectious mononucleosis,Infectious mononucleosis,,,,,,,,,,,ଇନଫେକ୍ସସ୍ ମୋନୋନ୍ୟୁକ୍ଲିଓସିସ,,சுரப்பிக் காய்ச்சல்,,,,Mononukleozo,50
http://www.wikidata.org/entity/Q777087,echinococcosis,Echinococcosis,,,Ekinokokasi,,,,,,,,ଏକିନୋକୋକୋସିସ,,எக்கினோகோக்கோசிஸ்,इकाइनोकोक्कोसिस,,,hidatidozo,50
http://www.wikidata.org/entity/Q18657,dissociative identity disorder,Dissociative identity disorder,बहुव्यक्तित्व,ডিসোসিয়েটিভ আইডেন্টিটি ডিসঅর্ডার,,,మల్టిపుల్ పర్సనాలిటీ డిజార్డర్,,,,,,ଡିସୋସିଏଟିଭ ଆଇଡେଣ୍ଟିଟି ଡିଜଅର୍ଡର,,பல்வகை ஆளுமை நோய்,,تفارقی شناختی اضطراب,mpd,disocia-identeca malsaono,50
http://www.wikidata.org/entity/Q213098,progeria,Progeria,प्रोजेरिया,প্রোজেরিয়া,,प्रोजेरिया,,,,,,,,,,,,,,50
http://www.wikidata.org/entity/Q210427,cerebral palsy,Cerebral palsy,प्रमस्तिष्क अंगघात,,Kupooza kwa ubongo,,,,,,,,ସେରେବ୍ରାଲ୍ ପାଲ୍ସି,,பெருமூளை வாதம்,मस्तिष्क पक्षाघात,,,cerba paralizo,49
http://www.wikidata.org/entity/Q804521,bacterial vaginosis,Bacterial vaginosis,योनि में जीवाणु संक्रमण,ব্যাকটেরিয়াল ভ্যাজাইনোসিস,Vaginosisi inayosababishwa na bakteria,,,,,,,,ଜୀବାଣୁ ଭାଜିନୋସିସ,,நுண்ணுயிரியால் அல்குல் நோய்,,,,bakteria vaginozo,49
http://www.wikidata.org/entity/Q16499,hyperthyroidism,Hyperthyroidism,हाइपरथाइरॉयडिज़्म,,,,,,,,,,ହାଇପରଥାଇରଏଡିଜମ,,அதிதைராய்டியம்,हाइपरथाइरोडिजम,,ഹൈപ്പർ തൈറോയ്ഡിസം,hipertiroidismo,49
http://www.wikidata.org/entity/Q209369,Hodgkin's lymphoma,Hodgkin lymphoma,,,,,,,,,,,ହଜକିନ୍ସ ଲିମ୍ଫୋମା,,,,ہاجکن سیالومہ,,,49
http://www.wikidata.org/entity/Q1017169,Buruli ulcer disease,Buruli ulcer,बुरुली अल्सर,,,,,ਬੁਰੂਲੀ ਫੋੜਾ,,બુરુલી અલ્સર,,,ବୁରୁଲି ଘାଆ,,புரூலி புண்,बुरुली अल्सर,,,,49
http://www.wikidata.org/entity/Q208166,borderline personality disorder,Borderline personality disorder,,বর্ডারলাইন পারসনালিটি ডিজর্ডার,,,,,,,,ಆಂತರಿಕ ವ್ಯಕ್ತಿತ್ವ ಅಸ್ವಸ್ಥತೆ,ବର୍ଡର ଲାଇନ ପର୍ସନାଲିଟି ଡିଜଅର୍ଡ଼ର,,,,,,emocie malstabila personeca perturbo,48
http://www.wikidata.org/entity/Q183548,voyeurism,Voyeurism,,,,,,,,,,,,,பார்வை மோகம்,,,,rigardismo,48
http://www.wikidata.org/entity/Q223102,peritonitis,Peritonitis,,,,,,,,,,,ପେରିଟୋନାଇଟିସ,,,,ورمِ صفاق,,peritoneito,48
http://www.wikidata.org/entity/Q188605,pulmonary emphysema,Pulmonary emphysema,वातस्फीति,,,,ఎంఫిసెమా,,,,,,,,எம்விசிமா,इम्फिसेमा,نفخ,എംഫിസീമ,pulma emfizemo,48
http://www.wikidata.org/entity/Q273510,candidiasis,Candidiasis,,,Kandidiasisi,,,,,,,,କ୍ୟାଣ୍ଡିଡିଆସିସ୍,,,,,,Kandidozo,48
http://www.wikidata.org/entity/Q153861,tularemia,Tularemia,,,,,,,,,,,ଟୁଲାରେମିଆ,,,,,ടൂലറിമിയ,Tularemio,48
http://www.wikidata.org/entity/Q544006,anxiety disorder,Anxiety disorder,दुश्चिंता,উদ্বেগমূলক ব্যাধি,,चिंतातुरता (मानसिक आजार),,,,,,ಆತಂಕ ಕಾಯಿಲೆ,ଉଦ୍ବେଗ ଅବ୍ୟବସ୍ଥା,,பதகளிப்புக் கோளாறு,,,ഉത്കണ്ഠ വൈകല്യം,anksieca malsano,48
http://www.wikidata.org/entity/Q8084905,autoimmune disease,Autoimmune disease,स्वप्रतिरक्षित रोग,স্বতঃঅনাক্রম্য রোগ,,,,,,,,,ଅଟୋଇମ୍ମ୍ୟୁନ ଡିଜିଜ,,தன்னுடல் தாக்குநோய்,,,,memimuna malsano,48
http://www.wikidata.org/entity/Q623031,liver cancer,Liver cancer,,লিভার ক্যান্সার,Kansa ya ini,यकृताचा कर्करोग,,ਜਿਗਰ ਦਾ ਕੈਂਸਰ,,,,,ଯକୃତ କର୍କଟ,,கல்லீரல் புற்றுநோய்,,سرطان جگر,ലിവർ കാൻസർ,hepata kancero,48
http://www.wikidata.org/entity/Q3025883,type 2 diabetes mellitus,Type 2 diabetes,मधुमेह टाइप 2,ডায়াবেটিস মেলিটাস টাইপ ২,Kisukari aina ya 2,,మధుమేహము రకం 2,ਸ਼ੱਕਰ ਰੋਗ ਟਾਈਪ 2,,,,ಮಧುಮೇಹ ಮೆಲ್ಲಿಟಸ್ 2ನೇ ವಿಧ,ମଧୁମେହ ଟାଇପ ୨,,நீரிழிவு நோய் (இரண்டாவது வகை),,,,duatipa sukera diabeto,48
http://www.wikidata.org/entity/Q33525,carcinoma,Carcinoma,,,,,,,,,,,,,,,سرطانہ,,karcinomo,48
http://www.wikidata.org/entity/Q49989,Creutzfeldt-Jakob disease,Creutzfeldt–Jakob disease,,,,,,,,,,,କ୍ରୁଜଫେଲ୍ଟ-ଜାକୋବ ରୋଗ,,,,,,Malsano de Creutzfeldt-Jakob,48
http://www.wikidata.org/entity/Q220570,pulmonary embolism,Pulmonary embolism,फुफ्फुसीय अन्त:शल्यता,,,,,,,,,ಪಲ್ಮನರಿ ಎಂಬಾಲಿಸಮ್,ପଲ୍ମୋନାରି ଏମ୍ବୋଲିଜ୍ମ,,,,,,pulma embolio,47
http://www.wikidata.org/entity/Q223254,otitis media,Otitis media,मध्यकर्णशोथ,ওটিটিস মিডিয়া,Uvimbe wa sikio,,,,,,,,ମଧ୍ୟକର୍ଣ୍ଣ ପ୍ରଦାହ,,,,,ഓട്ടൈറ്റിസ് മീഡിയ,meza otito,47
http://www.wikidata.org/entity/Q229256,dermatitis,Dermatitis,त्वचाशोथ,,,,,,,,,ಇಸಬು,ଚର୍ମ ପ୍ରଦାହ,,dermatitis,,,,dermatito,47
http://www.wikidata.org/entity/Q382641,phimosis,Phimosis,फाइमोसिस,ফাইমোসিস,,फायमॉसिस,,,,,,,ଚୁଚୁନ୍ଦ୍ରୀ,,முன்தோல் குறுக்கம்,,فائی موسیس,,fimozo,47
http://www.wikidata.org/entity/Q207133,Klinefelter's syndrome,Klinefelter syndrome,क्लाइनफेल्टर सिंड्रोम,,Ugonjwa wa Klinefelter,,క్లైనీఫెల్టర్ సిండ్రోమ్,,,,,,କ୍ଲାଇନଫେଲ୍ଟର ସିଣ୍ଡ୍ରୋମ,,கிளைன்பெல்டர் நோய்த்தொகை,,,,Sindromo de Klinefelter,47
http://www.wikidata.org/entity/Q52849,ankylosing spondylitis,Ankylosing spondylitis,अचलताकारक कशेरूकाशोथ,এঙ্কাইলোজিং স্পন্ডাইলাইটিস,,मणक्याची झिज,,,,,,,ଏଙ୍କିଲୋଜିଙ୍ଗ ସ୍ପୋଣ୍ଡିଲାଇଟିସ,,மடங்காதநிலை முதுகெலும்பு வீக்கம்,,,,ankiloza spondilito,47
http://www.wikidata.org/entity/Q388646,dracunculiasis,Dracunculiasis,ड्रैकन्कुलस रुगणता,,,नारु,,,,,,,ଡ୍ରାକୁନ୍କୁଲିଆସିସ,,நரம்பு சிலந்தி நோய்,,,,,47
http://www.wikidata.org/entity/Q840143,streptococcal pharyngitis,Streptococcal pharyngitis,,স্ট্রেপটোকোকাল ফ্যারিঞ্জাইটিস,Uvimbe wa koromeo kistreptokokki,स्ट्रेप्टोकोकल फॅरिन्जायटिस,గ్రూప్ ఎ స్ట్రెప్టోకాకల్ బ్యాక్టీరియా,ਸਟ੍ਰੈਪਟੋਕੋਕਲ ਫੇਰਿਨਜਾਈਟਿਸ,,,,,ସ୍ଟ୍ରେପ୍ଟୋକୋକାଲ ଫାରିଞ୍ଜାଇଟିସ,,,स्ट्रेप थ्रोट,اسٹریپٹوکوکال فرینگائیٹیس,,,47
http://www.wikidata.org/entity/Q309067,motion sickness,Motion sickness,,,,,,,,,,,,,பயணப்பிணி,,,,movnaŭzo,46
http://www.wikidata.org/entity/Q220193,premenstrual syndrome,Premenstrual syndrome,प्रागार्तव,রজঃস্রাবের পূর্বের লক্ষণ,,,పి.ఎమ్.ఎస్,,,,,ಮುಟ್ಟಿನ ಮುಂಚಿನ ಉದ್ವೇಗ,ପ୍ରାକ୍ ଋତୁସ୍ରାବ ଲକ୍ଷଣପୁଞ୍ଜ,,மாதவிடாய் நோய்க்குறி,,,,Antaŭmenstrua simptomaro,46
http://www.wikidata.org/entity/Q221441,pellagra,Pellagra,,পেলাগ্রা,,,పెల్లాగ్రా,,,,,,ପେଲାଗ୍ରା,,பெல்லாக்ரா,,,,Pelagro,46
http://www.wikidata.org/entity/Q753904,rheumatic fever,Rheumatic fever,रुमेटिक हृदय रोग,বাতজ্বর,Homa ya rumatizimu,,,,,,,,ରିଉମାଟିକ ଜ୍ୱର,,வாதக் காய்ச்சல்,बाथज्वरो,,,reŭmata febro,46
http://www.wikidata.org/entity/Q838966,irritable bowel syndrome,Irritable bowel syndrome,इरीटेबल बाउल सिंड्रोम,ইরিট্যাবল বাউয়েল সিন্ড্রোম,,,ఇరిటబుల్ బవెల్ సిండ్రోమ్,,,,,ಇರಿಟೆಬಲ್ ಬೊವೆಲ್ ಸಿಂಡ್ರೊಮ್,ଇରିଟେବ୍ଲ ବାୱେଲ ସିଣ୍ଡ୍ରୋମ୍,,,इरिटेबल बउल सिन्ड्रोम,,,Agaciĝa intesta sindromo,46
http://www.wikidata.org/entity/Q467635,multiple myeloma,Multiple myeloma,मल्टीपल माइलोमा,মজ্জাকোষার্বুদ,,,,ਬਹੁ-ਮਾਇਲਓਲੋਮਾ,,,,,ମଲ୍ଟିପ୍ଲ ମାୟେଲୋମା,,,मल्टिपल माइलोमा,,,,46
http://www.wikidata.org/entity/Q209647,delirium tremens,Delirium tremens,डेलेरियम त्रेमेंस,,,डिलीरियम ट्रेमन्स,,,,,,,କମ୍ପୋନ୍ମାଦ,,,,,,trema deliro,45
http://www.wikidata.org/entity/Q114085,rhinitis,Rhinitis,,সর্দি,,,రినైటిస్,,,,,,,,நாசியழற்சி,,,,kataro,45
http://www.wikidata.org/entity/Q117121,Wilson disease,Wilson's disease,उइल्सन डीजीस,উইল্সন ডিজিস,,,,,,,,,ଉଇଲସନ ରୋଗ,,வில்சன் நோய்,,,,malsano de Wilson,45
http://www.wikidata.org/entity/Q213600,sleep apnea,Sleep apnea,sleep amneya,নিদ্রাকালীন শ্বাসব্যাঘাত,,,స్లీప్ అప్నియా,,,,,,ନିଦ୍ରା ଶ୍ୱାସରୋଧ,,,,,,dormapneo,45
http://www.wikidata.org/entity/Q372701,esophageal cancer,Esophageal cancer,,,,,,,,,,,ଗ୍ରାସନଳୀ କର୍କଟ,,உணவுக்குழாய் புற்றுநோய்,,,,ezofaga kancero,45
http://www.wikidata.org/entity/Q189956,aphthous stomatitis,Aphthous stomatitis,मुंह के छाले,মুখগহ্বরের ঘা,,,,,,,,,ଆଫଥସ ସ୍ଟୋମାଟାଇଟିସ,,,,,,Afto,45
http://www.wikidata.org/entity/Q200779,genetic disease,Genetic disorder,अनुवांशिक रोग,,,,,,,,,ಅನುವಂಶಿಕ ಕಾಯಿಲೆಗಳು,ଅନୁବଂଶିକ ରୋଗ,,மரபணுப் பிறழ்ச்சி,,وراثتی امراض,പാരമ്പര്യരോഗങ്ങൾ,genetika malsano,45
http://www.wikidata.org/entity/Q3378593,substance dependence,Substance dependence,,মাদকাসক্তি,,,,,,,,,,,,,,,droga dependeco,45
http://www.wikidata.org/entity/Q154878,toxoplasmosis,Toxoplasmosis,,,,,,,,,,,ଟକ୍ସୋପ୍ଲାଜମୋସିସ୍,,,,,,toksoplasmozo,45
http://www.wikidata.org/entity/Q2085267,pharyngitis,Pharyngitis,ग्रसनी शोथ,গলবিল প্রদাহ,,,,,,,,,ଗଳା ପ୍ରଦାହ,,,,,ഗ്രസനി വീക്കം,faringito,45
http://www.wikidata.org/entity/Q1194557,laryngitis,Laryngitis,,স্বরযন্ত্রের প্রদাহ,,,,,,,,,ଲାରିଞ୍ଜାଇଟିସ,,,,,,laringito,45
http://www.wikidata.org/entity/Q212021,kleptomania,Kleptomania,,ক্লেপটোম্যানিয়া,,,,,,,,,କ୍ଲେପ୍ଟୋମାନିଆ,,,,,,,45
http://www.wikidata.org/entity/Q335555,Sjögren's syndrome,Sjögren syndrome,श्रोगेन सिन्ड्रोम,,,,,,,,,,ଜୋଗ୍ରେନ ସିଣ୍ଡ୍ରୋମ୍,,,,,,,45
http://www.wikidata.org/entity/Q61335,pre-eclampsia,Pre-eclampsia,,প্রি-এক্লাম্পসিয়া,Prekilampsia,,ప్రి-ఎక్లంప్సియా,ਪ੍ਰੀ-ਏਕਲਪਸੀਆ,,,,,ପ୍ରି-ଏକ୍ଲାମ୍ପସିଆ,,இளம்பேற்றுக் குளிர்காய்ச்சல்,,,,,45
http://www.wikidata.org/entity/Q208562,Marfan syndrome,Marfan syndrome,,,,,,ਮਾਰਫਨ ਸਿੰਡਰੋਮ,,,,,ମାର୍ଫାନ ସିଣ୍ଡ୍ରୋମ,,மார்வன் நோய்த்தொகை,,,,sindromo de Marfan,44
http://www.wikidata.org/entity/Q326648,salmonellosis,Salmonellosis,,,,,,,,,,,ସାଲମୋନେଲୋସିସ,,சால்மோனெல்லாசிஸ்,,,സാൽമണെല്ലോസിസ്,Salmonelozo,44
http://www.wikidata.org/entity/Q486680,transvestism,Transvestism,,,,,,,,,,,,,,विषुपहिरणी,,,transvestulo,44
http://www.wikidata.org/entity/Q376666,cholecystitis,Cholecystitis,,,,,,,,,,,ପିତ୍ତକୋଷ ପ୍ରଦାହ,,,,,,ĥolecistito,44
http://www.wikidata.org/entity/Q188151,ischemia,Ischemia,इस्कीमिक,,,,,,,,,ಇಸ್ಕಿಮಿಯಾ,,,,,اقفار,,iskemio,44
http://www.wikidata.org/entity/Q271993,hyperglycemia,Hyperglycemia,हायपर ग्लाईसीमिया,,,,హైపర్గ్లైసీమియా,,,,,,,,இரத்தச் சர்க்கரை அதிகரிப்பு,,,ഹൈപ്പർഗ്ലൈസീമിയ,Hiperglukozemio,44
http://www.wikidata.org/entity/Q540571,fibromyalgia,Fibromyalgia,,ফাইব্রোমায়ালজিয়া,,,,,,,,,ଫାଇବ୍ରୋମ୍ୟାଲ୍ଜିଆ,,,,,,fibromialgio,44
http://www.wikidata.org/entity/Q193894,sarcoidosis,Sarcoidosis,सारकॉइडोसिस,,,,,,,,,ಸಾರ್ಕೊಯಿಡೋಸಿಸ್,ସାର୍କଏଡୋସିସ୍,,,,,,Sarkoidozo,44
http://www.wikidata.org/entity/Q207092,erysipelas,Erysipelas,,বিসর্প,,,,,,,,,,,,,,എറിസിപ്പെലസ്,Erizipelo,44
http://www.wikidata.org/entity/Q219102,Cushing's syndrome,Cushing's syndrome,,কুশিং সিন্ড্রোম,Ugonjwa wa Cushing,,,,,,,,କୁସିଙ୍ଗ ସିଣ୍ଡ୍ରୋମ,,,,,,,44
http://www.wikidata.org/entity/Q220551,diabetes insipidus,Diabetes insipidus,मूत्रमेह,,,,,,,,,ಡಯಾಬಿಟಿಸ್ ಇನ್ಸಿಪಿಡಸ್,ଡାଏବେଟିସ ଇନସିପିଡସ,,,,ذیابیطس بیذواق,,,44
http://www.wikidata.org/entity/Q326638,Rift Valley fever,Rift Valley fever,,,Homa ya Bonde la Ufa,,,,,,,,ରିଫ୍ଟ୍ ଭାଲି ଫିଭର,,ரிஃப்ட் வேல்லி காய்ச்சல்,रिफ्ट भ्याली ज्वरो,,,,44
http://www.wikidata.org/entity/Q652744,"hand, foot and mouth disease","Hand, foot, and mouth disease",हाथ पैर और मुहं की बीमारी,,,,,,,,,,"ହାତ, ପାଦ ଓ ପାଟି ରୋଗ",,,,,,,44
http://www.wikidata.org/entity/Q673083,gingivitis,Gingivitis,,,,,,,,,,,,,ஈறு அழற்சி,,,,,44
http://www.wikidata.org/entity/Q745865,trichomoniasis,Trichomoniasis,ट्रयकोमोइसीस,,Trikomonasi,,,,,,,,ଟ୍ରାଇକୋମୋନିଆସିସ୍,,ஓரணு ஒட்டுண்ணி கருச்சிதைவுநோய்,,,,,44
http://www.wikidata.org/entity/Q209733,chronic fatigue syndrome,Chronic fatigue syndrome,दीर्घकालिक थकान संलक्षण,,,,క్రానిక్ ఫెటీగ్ సిండ్రోమ్,,,,,,,,,,,,sindromo de kronika laceco,43
http://www.wikidata.org/entity/Q118418,antisocial personality disorder,Antisocial personality disorder,,,,,,,,,,,,,,,,,kontraŭsocia karaktero,43
http://www.wikidata.org/entity/Q332293,carpal tunnel syndrome,Carpal tunnel syndrome,,কারপাল টানেল সিন্ড্রোম,,,,,,,,,କାର୍ପାଲ ଟନେଲ ସିଣ୍ଡ୍ରୋମ,,,,,കാർപൽ ടണൽ സിൻഡ്രോം,karpetunela sindromo,43
http://www.wikidata.org/entity/Q217519,bubonic plague,Bubonic plague,,বিউবনিক প্লেগ,,,,,,,,,ବୁବୋନିକ୍ ପ୍ଲେଗ୍,,அரையாப்பு பிளேக்கு,,رسولی دار طاعون,,bubona pesto,43
http://www.wikidata.org/entity/Q520127,periodontitis,Periodontal disease,,,,मुखदुर्गंधी,,,,,,ಒಸಡಿನ ರೋಗಗಳು,,,,,,,ĉirkaŭdentito,43
http://www.wikidata.org/entity/Q193003,hydrocephalus,Hydrocephalus,जलशीर्ष,হাইড্রোসেফালাস,,,,,,,,ಜಲಮಸ್ತಿಷ್ಕ ರೋಗ,ହାଇଡ୍ରୋସେଫାଲସ,,,,,,hidrocefalo,43
http://www.wikidata.org/entity/Q5609817,tinea pedis,Athlete's foot,पैर की दाद,দাদ,,,,,,,,,ଖେଳୁଆଡ଼ ପାଦ,,சேற்றுப் புண்,,داد,വളംകടി,pieda tinio,43
http://www.wikidata.org/entity/Q220322,agnosia,Agnosia,,,,,,,,,,,,,அக்நோஸியா,,,,,43
http://www.wikidata.org/entity/Q689985,lipoma,Lipoma,,লাইপোমা,,,,ਲਿਪੋਮਾ,,,,,ଲାଇପୋମା,,கொழுப்புத் திசுக்கட்டி,,,,,43
http://www.wikidata.org/entity/Q373822,eating disorder,Eating disorder,आहार सम्बंधी विकार,,,,,ਖਾਣ ਪੀਣ ਦੇ ਵਿਕਾਰ,,,,,ଖାଇବା ବେମାରୀ,,உணவு உட்கொள்ளல் தொடர்பான நோய்,,,,manĝada malsano,42
http://www.wikidata.org/entity/Q186235,myocarditis,Myocarditis,,মায়োকার্ডিটিস,,,మయోకార్డిటిస్,,,,,,ମାୟୋକାର୍ଡ଼ାଇଟିସ,,இதயத்தசை வீக்கம்,,,,miokardiito,42
http://www.wikidata.org/entity/Q246084,cystitis,Cystitis,सिस्टायटिस,,,,,,,,,,,,cystitis,,,,cistito,42
http://www.wikidata.org/entity/Q194435,vitamin deficiency,Vitamin deficiency,,,,,,,,,,,,,உயிர்ச்சத்துக் குறைபாடு,,,,avitaminozo,42
http://www.wikidata.org/entity/Q154882,legionnaires' disease,Legionnaires' disease,,,,,,,,,,,ଲିଜିଓନେୟାର ରୋଗ,,,,,,Legiana malsano,42
http://www.wikidata.org/entity/Q727096,birth defect,Birth defect,जन्म दोष,,,,,ਜਨਮ ਨੁਕਸ,,,,,ଆଜନ୍ମ ତୃଟି,,பிறவிக் குறை,,پیدائشی بد نظمی,,denaska malsano,42
http://www.wikidata.org/entity/Q826522,thyroid cancer,Thyroid cancer,थाइरोइड कैंसर,থাইরয়েড ক্যান্সার,,,,ਥਾਈਰੋਇਡ ਕੈਂਸਰ,,,,,ଥାଇରଏଡ କର୍କଟ,,கேடயச் சுரப்பி புற்றுநோய்,,,,tiroida kancero,42
http://www.wikidata.org/entity/Q1060310,narcissistic personality disorder,Narcissistic personality disorder,,নার্সিসিস্টিক পার্সোনালিটি ডিসঅর্ডার,,,,,,,,,ନାର୍ସିସିସ୍ଟିକ ପର୍ସନାଲିଟି ଡିଜଅର୍ଡ଼ର,,நாசீசிஸ ஆளுமைக் குறைபாடு,,نرگسی شخصیت کا مرض,,Narcisisma personeca perturbo,42
http://www.wikidata.org/entity/Q272741,adenoma,Adenoma,,,,,ఎడినోమా,,,,,,,,சுரப்பிக்கட்டி,,غدومہ,,,42
http://www.wikidata.org/entity/Q308978,decubitus ulcer,Pressure ulcer,,,,,,,,,,,,,படுக்கைப் புண்,,,,,42
http://www.wikidata.org/entity/Q478389,kyphosis,Kyphosis,,,,,,,,,,ಗೂನು,,,kyphotic deformity,,,,,42
http://www.wikidata.org/entity/Q506659,prostatic hypertrophy,Benign prostatic hyperplasia,,,,,,,,,,,ବିନାଇନ ପ୍ରୋସ୍ଟାଟିକ ହାଇପରପ୍ଲାସିଆ,,தீதிலி முன்னிற்குஞ்சுரப்பி மிகைப்பெருக்கம்,,,,,42
http://www.wikidata.org/entity/Q815819,atrial fibrillation,Atrial fibrillation,अलिंद विकम् पन,,Mapigo yasiyo ya kawaida ya moyo,,,,,,,,ଆଟ୍ରିଆଲ ଫିବ୍ରିଲେସନ,,,,,,,42
http://www.wikidata.org/entity/Q876887,cellulitis,Cellulitis,,,Selulitisi,,,,,,,,ସେଲ୍ୟୁଲାଇଟିସ୍,,,,,,,42
http://www.wikidata.org/entity/Q460167,Meniere's disease,Ménière's disease,मेनिएर रोग,,,,,,,,,,ମିନିଅର୍ସ ଡିଜିଜ,,,,,,malsano de Ménière,41
http://www.wikidata.org/entity/Q181391,baldness,Balding,गंजापन,টাক,,,బోడి,,,,,,,,வழுக்கை,,,,kalveco,41
http://www.wikidata.org/entity/Q500816,polycystic ovary syndrome,Polycystic ovary syndrome,pcos,পলিসিস্টিক ওভারি সিন্ড্রোম,,,,,,,,,ପଲିସିଷ୍ଟିକ ଓଭାରି ସିଣ୍ଡ୍ରୋମ,,pcos,,,പോളി സിസ്റ്റിക് ഓവറി ഡിസീസ്,sindromo de plurcista ovario,41
http://www.wikidata.org/entity/Q501561,pericarditis,Pericarditis,,,,,,,,,,,ପେରିକାର୍ଡ଼ାଇଟିସ,,,,,,perikardiito,41
http://www.wikidata.org/entity/Q223911,sarcoma,Sarcoma,,,,,సార్కోమా,,,,,,,,,,لحمومہ,,sarkomo,41
http://www.wikidata.org/entity/Q552348,eclampsia,Eclampsia,,এক্লাম্পসিয়া,Eklampsia,,,,,,,,ଏକ୍ଲାମ୍ପସିଆ,,சூல்வலிப்பு,,ارتِعاج,,Eklampsio,41
http://www.wikidata.org/entity/Q156590,priapism,Priapism,प्रायापिज़्म,,,,,,,,,,ପ୍ରାୟାପିଜ୍ମ,,நோவு விறைப்பு,,,,priapismo,41
http://www.wikidata.org/entity/Q857667,pulmonary edema,Pulmonary edema,फुफ्फुसीय शोथ,,,,,,,,,,,,,,,,pulma edemo,41
http://www.wikidata.org/entity/Q1477,ulcerative colitis,Ulcerative colitis,व्रणीय बृहदान्त्रशोथ,,,,వ్రణోత్పత్తి పెద్దప్రేగు,,,,,,ଅଲସରେଟିଭ କୋଲାଇଟିସ,,,,,,ulcera kojlito,41
http://www.wikidata.org/entity/Q334655,amenorrhea,Amenorrhea,अनार्तव,অ্যামেনোরিয়া,,,,,,,,,ଋତୁସ୍ରାବ ଅନୁପସ୍ଥିତି,,மாதவிடாய் இன்மை,,,അനാർത്തവം,,41
http://www.wikidata.org/entity/Q340594,achondroplasia,Achondroplasia,ऐकोन्ड्रोप्लेजिया,,,,,,,,,,ଆକଣ୍ଡ୍ରୋପ୍ଲାସିଆ,,எலும்பு வளர்ச்சிக் குறை,,,അകോൺട്രോപ്ലാസിയ,,41
http://www.wikidata.org/entity/Q495146,trichinosis,Trichinosis,,,,,,,,,,,ଟ୍ରିଚିନୋସିସ,,,,,,,41
http://www.wikidata.org/entity/Q506652,pyelonephritis,Pyelonephritis,,,,,,,,,,,ପାଏଲୋନେଫ୍ରାଇଟିସ,,,,,,,41
http://www.wikidata.org/entity/Q326071,giardiasis,Giardiasis,,,,,,,,,,,ଜିଆଡିଆସିସ,,,,,,Lambliozo,40
http://www.wikidata.org/entity/Q372752,prostatitis,Prostatitis,,,,,,,,,,,,,,,,,prostatito,40
http://www.wikidata.org/entity/Q264118,acute myeloid leukemia,Acute myeloid leukemia,अक्यूट मयलेईोड डिसीज़,,,,అక్యూట్ మైలాయడ్ లుకేమియా,,,,,,ଆକ୍ୟୁଟ ମାୟେଲଏଡ ଲିଉକେମିଆ,,கடுமையான எலும்புமச்சை இரத்தப் புற்றுநோய்,,,,akuta mjeloida leŭkemio,40
http://www.wikidata.org/entity/Q558077,Williams-Beuren syndrome,Williams syndrome,,,,,,,,,,,ଉଇଲିଅମସ ସିଣ୍ଡ୍ରୋମ,,வில்லியம்ஸ் நோய்க்கூட்டறிகுறி,,,,sindromo de Williams,40
http://www.wikidata.org/entity/Q622604,pyromania,Pyromania,,,,,,,,,,,,,,,,,Piromanio,40
http://www.wikidata.org/entity/Q671776,mutism,Muteness,,,Bubu,,,,,,,ಮೂಕತನ,,,,,,,Muteco,40
http://www.wikidata.org/entity/Q676191,vaginitis,Vaginitis,योनिशोथ,,Kufifia uke,,,,,,,,ଯୋନୀପଥ ପ୍ରଦାହ,,யோனியழற்சி,,,,vaginito,40
http://www.wikidata.org/entity/Q55998,pleurisy,Pleurisy,,,,,,,,,,,ପ୍ଲୁରିସି,,,,,,pleŭrito,40
http://www.wikidata.org/entity/Q244438,prosopagnosia,Prosopagnosia,,,,,,,,,,,,,,,,മുഖാന്ധത,,40
http://www.wikidata.org/entity/Q271759,porphyria,Porphyria,,,,,,,,,,,ପରଫିରିଆ,,,,,,,40
http://www.wikidata.org/entity/Q371520,polydactyly,Polydactyly,,,,,,,,,,,,,,,,,,40
http://www.wikidata.org/entity/Q504790,nephrotic syndrome,Nephrotic syndrome,,,,,,,,,,,ନେଫ୍ରୋଟିକ ସିଣ୍ଡ୍ରୋମ,,,,نیفروٹیک سینڈروم,നെഫ്രോട്ടിക് സിൻഡ്രോം,,40
http://www.wikidata.org/entity/Q653971,indigestion,Indigestion,डिस्पेप्शिया,,,,,,,,,ಅಜೀರ್ಣ,,,செரியாமை,,,അജീർണം,,40
http://www.wikidata.org/entity/Q816798,amyloidosis,Amyloidosis,अमाय्लोडोसिस,,,,,,,,,,ଆମିଲଏଡ଼ୋସିସ,,புரதத்திரட்சி தசைநோய்,,,,,40
http://www.wikidata.org/entity/Q835061,mastitis,Mastitis,स्तन की सूजन,,,,,ਛਾਤੀਆਂ ਦੀ ਸੋਜ,,,स्तनक सूजन,,ମାସ୍ଟାଇଟିସ,,முலையழற்சி,,,,,40
http://www.wikidata.org/entity/Q944777,endometrial cancer,Endometrial cancer,अंतर्गर्भाशयकला कैंसर,এন্ডোমেট্রিয়াল ক্যান্সার,Saratani ya endometriamu,,,,,,,ಗರ್ಭಕೋಶದ ಕ್ಯಾನ್ಸರ್,ଗର୍ଭାଶୟ ଅନ୍ତଃସ୍ତର କର୍କଟ,,கருப்பையகப் புற்றுநோய்,,,,,40
http://www.wikidata.org/entity/Q82504,endocarditis,Endocarditis,,,,,,,,,,,,,,,,,endokardiito,39
http://www.wikidata.org/entity/Q464067,fungal infectious disease,Mycosis,,,,,,,,,,,,,,,,,mikozo,39
http://www.wikidata.org/entity/Q213151,kwashiorkor,Kwashiorkor,,,Unyafuzi,,,,,,,,,,,,,,Kvaŝiorkoro,39
http://www.wikidata.org/entity/Q268667,atopic dermatitis,Atopic dermatitis,Atopic dermatitis,,,,,,,,,,ଆଟୋପିକ ଡର୍ମାଟାଇଟିସ,,,,,അടോപിക് ഡെർമറ്റൈറ്റിസ്,Atopia dermatito,39
http://www.wikidata.org/entity/Q274615,kuru,Kuru (disease),,,,,,,,,,,,,,,,,Kuruo,39
http://www.wikidata.org/entity/Q190805,heart disease,Heart disease,हृदय रोग,,,,,,,,,,ହୃଦ୍ରୋଗ,,இருதயநோய்,,امراض قلب,ഹൃദ്രോഗം,kormalsano,39
http://www.wikidata.org/entity/Q653318,silicosis,Silicosis,silicosis,,,,,,,,,,,,,,,,silicozo,39
http://www.wikidata.org/entity/Q736715,chronic kidney disease,Chronic kidney disease,गुर्दे की पुरानी बीमारी,,,,,,,,,,କ୍ରନିକ ବୃକ୍କ ରୋଗ,,நெடுநாள் சிறுநீரகக் கோளாறு,,,,kronika rena insuficienco,39
http://www.wikidata.org/entity/Q917357,Rett syndrome,Rett syndrome,,,,,,,,,,,ରେଟ ସିଣ୍ଡ୍ରୋମ,,இரெட் நோய்த்தொகை,,,,sindromo de Rett,39
http://www.wikidata.org/entity/Q1216998,neoplasm,Neoplasm,फुलाव,নিওপ্লাজম,,,,,,,,ಗಂತಿ,ଅର୍ବୁଦ,,கட்டி (உயிரியல்),,نُفّاخ,,neoplazio,39
http://www.wikidata.org/entity/Q265936,Kawasaki disease,Kawasaki disease,कावासाकी रोग,,,,కవసాకి వ్యాధి,,,,,,କାୱାସାକି ଡିଜିଜ,,கவசாகி நோய்,,,,,39
http://www.wikidata.org/entity/Q339221,gynecomastia,Gynecomastia,गाइनेकोमैस्टिया,,Jinekomastia,,,,,,,,,,ஆண் முலை வீக்கம்,,,,,39
http://www.wikidata.org/entity/Q826103,Reye syndrome,Reye syndrome,,,,,,,,,,,ରେ ସିଣ୍ଡ୍ରୋମ,,இராய் கூட்டறிகுறி,,,,,39
http://www.wikidata.org/entity/Q1135338,Bell's palsy,Bell's palsy,बैल अंगघात,বেলের পক্ষাঘাত,,,,,,,,,ମୁଖପକ୍ଷାଘାତ,,முகவாதம்,,,,,39
http://www.wikidata.org/entity/Q2264130,trichuriasis,Trichuriasis,ट्राइकोराइसिस,,Trichuriasis,,,ਟ੍ਰਿਕਿਊਰੀਆਸਿਸ,,,,,ଟ୍ରାଇଚୁରିଆସିସ୍,,,,,,,39
http://www.wikidata.org/entity/Q12252367,atherosclerosis,Atherosclerosis,,,,,,,,,,,ଆଥେରୋସ୍କ୍ଲେରୋସିସ,,தமனிக்கூழ்மைத் தடிப்பு,,صلابت عصیدہ,,,39
http://www.wikidata.org/entity/Q319312,premature ejaculation,Premature ejaculation,शीघ्रपतन,অকাল বীর্যপাত,,,శీఘ్రస్ఖలనం,,,,,,,,விந்து முந்துதல்,,,ശീഘ്രസ്ഖലനം,antaŭtempa ejakulo,38
http://www.wikidata.org/entity/Q319595,presbyopia,Presbyopia,,,,,చత్వారము,ਪ੍ਰੈਸਬੀਓਪੀਆ,,,,,ଚାଳିଶା,,மூப்புப்பார்வை,,,വെള്ളെഴുത്ത്,Presbiopeco,38
http://www.wikidata.org/entity/Q324464,testicular cancer,Testicular cancer,,,,,వృషణాల క్యాన్సర్,,,,,,ଟେସ୍ଟିକୁଲାର କର୍କଟ,,விரைச்சிரைப் புற்றுநோய்,,,,testika kancero,38
http://www.wikidata.org/entity/Q501829,gigantism,Gigantism,,,,,,,,,,,,,,,,,gigantismo,38
http://www.wikidata.org/entity/Q504775,bladder cancer,Bladder cancer,मूत्राशय कैंसर,,,,,ਬਲੈਡਰ ਕੈਂਸਰ,,,ब्लाडर क्यान्सर,,ମୂତ୍ରାଶୟ କର୍କଟ,,சிறுநீர்ப்பை புற்றுநோய்,,,,urinvezika kancero,38
http://www.wikidata.org/entity/Q2453464,colitis,Colitis,,,,,,,,,,,,,பெருங்குடல் அழற்சி,,,ആന്ത്രശൂല,kojlito,38
http://www.wikidata.org/entity/Q769815,food allergy,Food allergy,,খাদ্যে অ্যালার্জি,,,,,,,,,ଖାଦ୍ୟ ଆଲର୍ଜି,,,,,,manĝaĵa alergio,38
http://www.wikidata.org/entity/Q831530,rosacea,Rosacea,,,,,,,,,,,ରୋଜେସା,,,,,,rozaceo,38
http://www.wikidata.org/entity/Q1436063,autism spectrum disorder,Autism spectrum,,,,,,,,,,,,,,,autisum خرابی کی شکایت سپیکٹرم,,aŭtisma spektro,38
http://www.wikidata.org/entity/Q208726,anogenital venereal wart,Genital wart,,,,,,,,,,,ଯୌନାଙ୍ଗ ଭାତୁଡ଼ି,,பாலுறுப்பு உண்ணிகள்,,,,,38
http://www.wikidata.org/entity/Q457737,Edwards syndrome,Edwards syndrome,,,,,,,,,,,ଏଡ଼ୱାର୍ଡ଼ସ ସିଣ୍ଡ୍ରୋମ,,எட்வார்ட்சு நோய்த்தொகை,,,,,38
http://www.wikidata.org/entity/Q659584,molluscum contagiosum,Molluscum contagiosum,,,,,,,,,,,ମୋଲୁସ୍କମ କୋଣ୍ଟାଜିଓସମ,,,,,,,38
http://www.wikidata.org/entity/Q720032,exanthema subitum,Roseola,रोसेओला,রোসেওলা,,,,ਰੋਜ਼ੋਲਾ,,,,ರೋಸೊಲಾ,ରୋଜିଓଲା,,செம்புள்ளி தொற்றுநோய்,,,,,38
http://www.wikidata.org/entity/Q1127417,flying phobia,Fear of flying,,বিমানের স্নায়বিক যাত্রীদের জন্য পরামর্শ,,,,,,,,,,,,,,,,38
http://www.wikidata.org/entity/Q1909343,dermatophytosis,Dermatophytosis,दाद,,,,,,,,,ರಿಂಗ್ವರ್ಮ್,ଯାଦୁ ରୋଗ,,,,داد,,,38
http://www.wikidata.org/entity/Q28971,impetigo,Impetigo,,,,,,,,,,,ଚର୍ମସ୍ଫୋଟ,,,,,,,38
http://www.wikidata.org/entity/Q431643,microcephaly,Microcephaly,,,,,,,,,,,,,குறுந்தலை,,,,mikrocefalio,37
http://www.wikidata.org/entity/Q180664,acute lymphocytic leukemia,Acute lymphoblastic leukemia,,,,,అక్యూట్ లింఫోబ్లాస్టిక్ లుకేమియా,,,,,,ଆକ୍ୟୁଟ ଲିମ୍ଫୋବ୍ଲାସ୍ଟିକ ଲିଉକେମିଆ,,கடும் நிணநீர்க் குழியப் புற்றுநோய்,,سیالویہ ارومی ابیضاض حادی,,akuta limfocita leŭkemio,37
http://www.wikidata.org/entity/Q124407,Type one diabetes mellitus,Type 1 diabetes,टाईप १ मधुमेह मेलिटस,টাইপ ১ ডায়াবেটিস মেলিটাস,,,డయాబెటిస్ మెల్లిటస్ రకం 1,,,,,ಟೈಪ್ ೧ ಮಧುಮೇಹದ ಮೆಲ್ಲಿಟಸ್,ମଧୁମେହ ଟାଇପ ୧,,,,,,unuatipa sukera diabeto,37
http://www.wikidata.org/entity/Q725345,Kaposi's sarcoma,Kaposi's sarcoma,,,,,,,,,,,କାପୋସିସ ସାର୍କୋମା,,,,,,sarkomo de Kaposi,37
http://www.wikidata.org/entity/Q939364,congenital heart disease,Congenital heart defect,एक जन्मजात हृदय रोग,,,,,ਜਮਾਂਦਰੂ ਦਿਲ ਦੀ ਬੀਮਾਰੀ,,,,,ଜନ୍ମଗତ ହୃତ୍ପିଣ୍ଡ ତୃଟି,,பிறவி இதயக் குறைபாடு,,,,denaska kardiopatio,37
http://www.wikidata.org/entity/Q1049021,gender dysphoria,Gender dysphoria,,,,,జెండర్ డిస్ఫోరియా,,,,,,,,,,,,genra disforio,37
http://www.wikidata.org/entity/Q631361,diabetic retinopathy,Diabetic retinopathy,,,,,,,,,,,,,நீரிழிவு விழித்திரை நோய்,,,,,37
http://www.wikidata.org/entity/Q741713,panic disorder,Panic disorder,घबड़ाहट के दौरे,,,,,,,,,,ପ୍ୟାନିକ ଡିଜଅର୍ଡ଼ର,,திகில் கோளாறு,,,,,37
http://www.wikidata.org/entity/Q954674,iron deficiency anemia,Iron-deficiency anemia,iron deficiency anemia,,,iron deficiency anemia,,,,,,,ଲୌହ-ଅଭାବ ଜନିତ ଆନିମିଆ,,,,,,,37
http://www.wikidata.org/entity/Q326663,tick-borne encephalitis,Tick-borne encephalitis,,,,,,,,,,,ଟିଙ୍କ ବାହିତ ଏନକେଫାଲାଇଟିସ୍ ଟିକା,,,,,,frusomera meningencefalito,36
http://www.wikidata.org/entity/Q498237,schizoid personality disorder,Schizoid personality disorder,इस्कीजॉयड व्यक्तित्व विकार,,,स्किझॉइड व्यक्तिमत्व डिसऑर्डर,స్కిజాయిడ్ వ్యక్తిత్వ లోపము,ਸਕਿਆਜ਼ੋਇਡ ਸ਼ਖਸੀਅਤ ਵਿਕਾਰ,,સ્કિઝોઇડ વ્યક્તિત્વ ડિસઓર્ડર,,,,,ஸ்கிசோயிட் ஆளுமைச் சிதைவு,,,സ്കീസോയ്ഡ് വ്യക്തിത്വരോഗം,skizoid-personeca malsano,36
http://www.wikidata.org/entity/Q192100,filarial elephantiasis,,फीलपाँव,গোদ,Matende,,bodakalu,,,,,,ଗୋଦର ରୋଗ,,யானைக்கால் நோய்,हात्तीपाइले,,,filaria elefantiazo,36
http://www.wikidata.org/entity/Q161801,sudden infant death syndrome,Sudden infant death syndrome,अचानक शिशु मृत्यु सिंड्रोम,,,,,,,,,ಹಠಾತ್ ಶಿಶು ಮರಣ ರೋಗಲಕ್ಷಣ,ଅକସ୍ମାତ ନବଜାତ ଶିଶୁ ମୃତ୍ୟୁ ସିଣ୍ଡ୍ରୋମ,,திடீர்க் குழந்தை இறப்பு நோய்க்கூட்டறிகுறி,,اچانک مرگ طفلاں روگ,,subita morto de bebo,36
http://www.wikidata.org/entity/Q164818,Q fever,Q fever,,,Homa ya Q,,,,,,,,,,,,,ക്യു പനി,Q-febro,36
http://www.wikidata.org/entity/Q644318,vasculitis,Vasculitis,,ভ্যাসকুলাইটিস,,,వాస్కులైటిస్,,,,,,,,நாள அழற்சி,,,,vaskulito,36
http://www.wikidata.org/entity/Q651223,pneumoconiosis,Pneumoconiosis,धूलि फुफ्फुसार्ति,,,,,,,,,,,,,,,,pneŭmonokoniozo,36
http://www.wikidata.org/entity/Q13365776,uremia,Uremia,,,,,,,,,,,,,,,,,ureemio,36
http://www.wikidata.org/entity/Q664174,asbestosis,Asbestosis,एस्बेस्टॉसिस,,,,,,,,,,ଆଜବେସ୍ଟୋସିସ,,,,,,asbestozo,36
http://www.wikidata.org/entity/Q748309,pathological gambling,Problem gambling,,,,,,,,,,,,,,,,,ludopatio,36
http://www.wikidata.org/entity/Q749409,osteogenesis imperfecta,Osteogenesis imperfecta,आस्टियोजेनेसिस इम्परफेक्टा,,,,,,,,,,ଭଙ୍ଗୁର ଅସ୍ଥି ରୋଗ,,,,,,Osteogenesis imperfecta,36
http://www.wikidata.org/entity/Q844590,body dysmorphic disorder,Body dysmorphic disorder,,,,,,,,,,,,,,,,,Korp-misforma malsano,36
http://www.wikidata.org/entity/Q844717,spina bifida,Spina bifida,,,,,,,,,,,ସ୍ପାଇନା ବାଇଫିଡା,,முதுகு நாண் பிறவி குறைபாடு,,,,Malfermita spino,36
http://www.wikidata.org/entity/Q845698,blepharitis,Blepharitis,,,,,,,,,,,,,,,,,Blefarito,36
http://www.wikidata.org/entity/Q860740,learning disability,Learning disability,अधिगम अशक्तता,,,,,,,,,ಲರ್ನಿಂಗ್ ಡಿಸೆಬಿಲಿಟೀ,,,,,,leaning disability,lernomalkapablo,36
http://www.wikidata.org/entity/Q935129,postpartum depression,Postpartum depression,,প্রসব পরবর্তী বিষণ্নতা,,,,ਪੋਸਟਪਾਰਟਮ ਡਿਪਰੈਸ਼ਨ,,,,,ପ୍ରସବ ପର ଅବସାଦ,,பின் மகப்பேற்று இறுக்கம்,,,,postnaska deprimo,36
http://www.wikidata.org/entity/Q1128595,pulmonary hypertension,Pulmonary hypertension,,,,,,,,,,,ପଲମୋନାରି ହାଇପରଟେନସନ,,நுரையீரல் இரத்த மிகு அழுத்தம்,,,,pulma hipertensio,36
http://www.wikidata.org/entity/Q549229,Vena espermatica,Varicocele,varicocele,,,,వేరికోసిల్,,,,,,,,varicocele,,,,,36
http://www.wikidata.org/entity/Q556281,uterine fibroid,Uterine fibroid,गर्भाशय में रसौली,,,फायब्रॉइड् स,గర్భాశయ ఫైబ్రాయిడ్స్,ਬੱਚੇਦਾਨੀ ਵਿੱਚ ਰਸੌਲੀ,,fibroid,,,ଜରାୟୁ ଫାଇବ୍ରଏଡ,,கருப்பை நார்த்திசுக் கட்டி,,,,,36
http://www.wikidata.org/entity/Q958797,scleroderma,Scleroderma,,,,,,,,,,,ସ୍କ୍ଲେରୋଡର୍ମା,,,,,,,36
http://www.wikidata.org/entity/Q1648484,Duchenne muscular dystrophy,Duchenne muscular dystrophy,,,,,,,,,,ಡುಚೆನ್ನ್ ಮಸ್ಕುಲರ್ ದಿಸ್ತ್ರೋಫಿ,ଡୁସେନ ମସ୍କୁଲାର ଡିସ୍ଟ୍ରୋଫି,,துச்சேன் தசைச்சிதைவு நோய்,,,,,36
http://www.wikidata.org/entity/Q326643,hepatitis E,Hepatitis E,हेपेटाइटिस ई,হেপাটাইটিস ই,,,హెపటైటిస్ E,,,,,ಹೆಪಟೈಟಿಸ್ ಇ,,,,,ہیپاٹائٹس ای,ഹെപ്പറ്റൈറ്റിസ്-ഇ,hepatito E,35
http://www.wikidata.org/entity/Q595010,hypertrichosis,Hypertrichosis,,,,,,,,,,,,,மீமுரண் மயிர்நோய்,,,,hipertrikozo,35
http://www.wikidata.org/entity/Q692077,nevus,Nevus,,,,,,,,,,,,,,,تل,,nevuso,35
http://www.wikidata.org/entity/Q847583,cardiomyopathy,Cardiomyopathy,,,,,,,,,,,କାର୍ଡ଼ିଓମାୟୋପାଥି,,,,,,kardimiopatio,35
http://www.wikidata.org/entity/Q32778,bronchiectasis,Bronchiectasis,ब्रोन्किइक्टेसिस,,,,,,,,,,ବ୍ରୋଙ୍କିଏକ୍ଟାସିସ୍,,,,,,Bronkektazio,35
http://www.wikidata.org/entity/Q1474877,hypercalcemia,Hypercalcaemia,अतिकैल्शियमरक्तता,,,,,,,,,,ହାଇପରକ୍ୟାଲସେମିଆ,,,,,,hiperkalciemio,35
http://www.wikidata.org/entity/Q160653,listeriosis,Listeriosis,,,,,,,,,,,,,,,,,,35
http://www.wikidata.org/entity/Q448310,seborrhoeic dermatitis,Seborrhoeic dermatitis,त्वग्वसास्राव,,,,,,,,,,ସେବୋରିକ ଡର୍ମାଟାଇଟିସ,,,,,,,35
http://www.wikidata.org/entity/Q509122,avoidant personality disorder,Avoidant personality disorder,,,,,,,,,,,,,,,,,,35
http://www.wikidata.org/entity/Q558070,pelvic inflammatory diseases,Pelvic inflammatory disease,श्रोणि जलन बीमारी,শ্রোণীর প্রদাহ রোগ,,,,,,,,,ପେଲଭିସ ପ୍ରଦାହ ରୋଗ,,இடுப்பு அழற்சி நோய்,,,,,35
http://www.wikidata.org/entity/Q608259,trichotillomania,Trichotillomania,,,,,,,,,,,କେଶଟଣା ରୋଗ,,,,,,,35
http://www.wikidata.org/entity/Q645363,bursitis,Bursitis,,,,,,,,,,,,,,,رطبومہ,,,35
http://www.wikidata.org/entity/Q916280,restless legs syndrome,Restless legs syndrome,,,,,,,,,,,ରେସ୍ଟଲେସ ଲେଗ୍ସ ସିଣ୍ଡ୍ରୋମ,,,,,,,35
http://www.wikidata.org/entity/Q938205,neuroblastoma,Neuroblastoma,,নিউরোব্লাস্টোমা,,,,,,,,,ନିଉରୋବ୍ଲାଷ୍ଟୋମା,,நரம்புத்திசு புற்றுநோய்,,عصبی ورمِ ارومہ,ന്യൂറോബ്ലാസ്റ്റോമ,,35
http://www.wikidata.org/entity/Q1137767,muscular dystrophy,Muscular dystrophy,fdre,,,,,,,,,,ମସକୁଲାର ଡିସଟ୍ରଫି,,தசைவளக்கேடு,,عضلی سو غذائیہ,,,35
http://www.wikidata.org/entity/Q126691,gestational diabetes,Gestational diabetes,गर्भकालीन मधुमेह,গর্ভাবস্থা ডায়াবেটিস,,,,,,સગર્ભાવસ્થા દરમિયાન ડાયાબિટીસ,,ಗರ್ಭಧಾರಣೆಯ ಮಧುಮೇಹ,ଗର୍ଭାବଧି ମଧୁମେହ,,கருத்தரிப்புக்கால நீரிழிவு நோய்,,,,graveda diabeto,34
http://www.wikidata.org/entity/Q221472,fragile X syndrome,Fragile X syndrome,,,,,,,,,,,ଫ୍ରାଜାଇଲ ଏକ୍ସ ସିଣ୍ଡ୍ରୋମ,,நலிந்த எக்சு நோய்த்தொகை,,,,Fragila X sindromo,34
http://www.wikidata.org/entity/Q570197,proteinuria,Proteinuria,,,,,,,,,,,,,புரதச் சிறு நீர்,,,,proteinurio,34
http://www.wikidata.org/entity/Q594013,Prader–Willi syndrome,Prader–Willi syndrome,प्रैड़र-विली सिंड्रोम,,,,,,,,,,ପ୍ରେଡର-ଉଇଲି ସିଣ୍ଡ୍ରୋମ,,பிராடர் – வில்லி கூட்டறிகுறி,,,,sindromo de Prader-Willi,34
http://www.wikidata.org/entity/Q611984,keratoconus,Keratoconus,,,,,,,,,,,କେରାଟୋକୋନସ,,,,,,Keratokonuso,34
http://www.wikidata.org/entity/Q625164,retinal detachment,Retinal detachment,,,,,,,,,,,ନେତ୍ରପଟଳ ସ୍ଖଳନ,,விழித்திரை விலகல்,,,,retina disiĝo,34
http://www.wikidata.org/entity/Q738292,Japanese encephalitis,Japanese encephalitis,जापानी एनसेफेलिटिस,জাপানি এনকেফালাইটিস,,,,,,,,,ଜାପାନୀ ଏନସେଫାଲାଇଟିସ,,,,,ജപ്പാൻ ജ്വരം,Japana encefalito,34
http://www.wikidata.org/entity/Q742672,dyscalculia,Dyscalculia,,,,,,,,,,,,,கணிதக்குறைபாடு,,,,diskalkulio,34
http://www.wikidata.org/entity/Q747735,paranoid personality disorder,Paranoid personality disorder,,,,,,,,,,,,,,,,,paranoja personeca malsano,34
http://www.wikidata.org/entity/Q794086,hypokalemia,Hypokalemia,,,,,,,,,,,ହାଇପୋକାଲେମିଆ,,,,,,Hipokaliemio,34
http://www.wikidata.org/entity/Q917620,onychomycosis,Onychomycosis,नखकवकता,,,,,,,,,,ଓନିକୋମାଇକୋସିସ,,நகச்சொத்தை,,,,Ungomikozo,34
http://www.wikidata.org/entity/Q1129007,angioedema,Angioedema,वाहिकाशोफ,,,,,,,,,,ଆଞ୍ଜିଓଇଡିମା,,,,,,angiedemo,34
http://www.wikidata.org/entity/Q1144039,inguinal hernia,Inguinal hernia,,,,,,,,,,,,,,,,,ingvena hernio,34
http://www.wikidata.org/entity/Q1162164,clubfoot,Clubfoot,मुद्गरपाद,,,,,ਮੁੜੇ ਹੋਏ ਪੈਰ,,,,,କ୍ଲବଫୁଟ,,பிறவி வளைபாதம்,,,ചുരുട്ടുകാൽ,Bulpiedo,34
http://www.wikidata.org/entity/Q200741,teratoma,Teratoma,,,,,టెరటోమా,ਟੈਰਾਟੋਮਾ,,,,,ଟେରାଟୋମା,,அயல் திசுக்கட்டி,,,,,34
http://www.wikidata.org/entity/Q427810,dysthymic disorder,Dysthymia,,,,,,,,,,,,,மகிழ்வின்றிய கோளாறு,,,,,34
http://www.wikidata.org/entity/Q661015,achalasia,Esophageal achalasia,,,,,,,,,,,,,,,فقدِ لیانی,,,34
http://www.wikidata.org/entity/Q769595,meibomian cyst,Chalazion,,,,,,,,,,,କାଲାଜିଅନ,,,,,,,34
http://www.wikidata.org/entity/Q830308,age related macular degeneration,Macular degeneration,,,,,,,,,,,ମାକୁଲାର ଡେଜେନେରେସନ,,,,عمر کی وجہ سے اعصاب کی پستی,,,34
http://www.wikidata.org/entity/Q1132120,trigeminal neuralgia,Trigeminal neuralgia,त्रिपृष्ठी तंत्रिकाशूल,,,,,,,,,ಕಪಾಲ ನರಶೂಲೆ,ଟ୍ରାଇଜେମିନାଲ ନିଉରାଲଜିଆ,,,,,,,34
http://www.wikidata.org/entity/Q498916,apraxia,Apraxia,चेष्टा-अक्षमता,,,,,,,,,,,,,,,,Apraksio,33
http://www.wikidata.org/entity/Q188638,mood disorder,Mood disorder,Mood disorder,,,,,ਮਨੋਦਸ਼ਾ ਵਿਗਾੜ,,,,,,,,,,,afekcia perturbo,33
http://www.wikidata.org/entity/Q531019,aortic valve stenosis,Aortic stenosis,,,,,,,,,,,ଆଓର୍ଟିକ ସ୍ଟେନୋସିସ,,பெருந்தமனி அடைப்பிதழ்க் குறுக்கம்,,,,aorta stenozo,33
http://www.wikidata.org/entity/Q147362,ovarian cyst,Ovarian cyst,डिम्बग्रंथि पुटी,ওভারিয়ান সিস্ট,,,,ਅੰਡਕੋਸ਼ ਦੀ ਗੱਠ,,,,,ଓଭାରିଆନ ସିସ୍ଟ,,சூல்பை நீர்க்கட்டி,अोभरियन सिस्ट,,,ovaria kisto,33
http://www.wikidata.org/entity/Q280027,uveitis,Uveitis,यूवाइटिस,,,,యువెటిస్,,,,,,,,,,,,uveito,33
http://www.wikidata.org/entity/Q282142,glioblastoma,Glioblastoma,ग्लयोब्लास्टोमा मल्टीफार्मी,গ্লিওব্লাস্টোমা,,,,,,,,,ଗ୍ଲାୟୋବ୍ଲାସ୍ଟୋମା ମଲ୍ଟିଫର୍ମ,,மூளைநரம்பு உயிரணுப் புற்றுநோய்,,گلائیوبلاسٹوما,,glioblastomo multforma,33
http://www.wikidata.org/entity/Q284219,Patau syndrome,Patau syndrome,,,,,,,,,,,,,,,,,sindromo de Patau,33
http://www.wikidata.org/entity/Q157008,rinderpest,Rinderpest,रिंडरपेस्ट रोग,,,,,,,,,ರಿಂಡ್ರ್ಪೇಸ್ಟ್ ವೈರಸ್,,,,,,,bovpesto,33
http://www.wikidata.org/entity/Q705906,paratyphoid fever,Paratyphoid fever,,,,,,,,,,,ପାରାଟାଇଫଏଡ ଜ୍ୱର,,,,,,paratifoida febro,33
http://www.wikidata.org/entity/Q729735,chronic myeloid leukemia,Chronic myelogenous leukemia,,,,,,,,,,,,,,,,,kronika mjeloida leŭkemio,33
http://www.wikidata.org/entity/Q938983,osteomyelitis,Osteomyelitis,,,,,,,,,,,ଓଷ୍ଟିଓମାୟେଲାଇଟିସ,,,,,,ostomedolito,33
http://www.wikidata.org/entity/Q949694,amebiasis,Amoebiasis,,,,,అమీబియాసిస్,,,,,,ଆମିବାୟାସିସ,,,,,അമീബിക അതിസാരം,amebozo,33
http://www.wikidata.org/entity/Q1138584,balanitis,Balanitis,,,,,,,,,,,,,,,,,balanito,33
http://www.wikidata.org/entity/Q424337,acute kidney injury,Acute kidney injury,,,Ugonjwa wa jeraha baya la figo,,,,,,,,,,கடிய சிறுநீரகக் காயம்,,,,,33
http://www.wikidata.org/entity/Q535364,Angelman syndrome,Angelman syndrome,,,,,,,,,,,ଆଞ୍ଜେଲମ୍ୟାନ ସିଣ୍ଡ୍ରୋମ,,ஏஞ்சல்மன் நோய்த்தொகை,,,,,33
http://www.wikidata.org/entity/Q775940,diplopia,Diplopia,,,,,,,,,,,,,,,,,,33
http://www.wikidata.org/entity/Q815753,filariasis,Filariasis,फाइलेरिया,গোদ রোগ,,हत्तीरोग,బోదకాలు,ਫਾਈਲੇਰੀਆ,,,,,ଫାଇଲେରିଆ,,,,,മന്ത്,,33
http://www.wikidata.org/entity/Q847605,neurofibromatosis,Neurofibromatosis,,,,,,ਨਿਊਰੋਫਾਇਬ੍ਰੋਮੈਟੋਸਿਸ,,,,,ନିଉରୋଫାଇବ୍ରୋମାଟୋସିସ,,,,,,,33
http://www.wikidata.org/entity/Q861028,hemangioma,Hemangioma,,,,,,,,,,,,,,,,,,33
http://www.wikidata.org/entity/Q180913,bulimia,,,,,,,,,,,,ବୁଲିମିଆ ନର୍ଭୋସା,,பெரும்பசி உளநோய்,,,,bulimio,32
http://www.wikidata.org/entity/Q231578,obsessive-compulsive personality disorder,Obsessive–compulsive personality disorder,,অত্যধিক-অমোঘ ব্যক্তিত্ব ব্যাধি,,,,,,,,,,,,,,,obseda-kompulsia personeca malsano,32
http://www.wikidata.org/entity/Q549534,osteosarcoma,Osteosarcoma,,Osteosarcoma,,,,,,,,,,,,,عظمی لحمومہ,,ostosarkomo,32
http://www.wikidata.org/entity/Q5958765,hypersensitivity,Hypersensitivity,अतिसुग्राहिता,,,,,,,,,,,,மிகையுணர்வூக்கம்,,,,hipersensiveco,32
http://www.wikidata.org/entity/Q757838,keratitis,Keratitis,,,,,,ਕੁੱਕਰੇ,,,,,,,விழிப்பாவை அழற்சி,,,,keratito,32
http://www.wikidata.org/entity/Q1137463,sexual dysfunction,Sexual dysfunction,यौन अपविकास,যৌন অক্ষমতা,,,,,,,,,,,பாலியல் கோளாறு,,جنسی عدم کارکردگی,,seksa malkapablo,32
http://www.wikidata.org/entity/Q245590,cyclothymia,Cyclothymia,,,,,,,,,,,,,,,,,,32
http://www.wikidata.org/entity/Q422268,actinomycosis,Actinomycosis,,,,,,,,,,,ଆକ୍ଟିନୋମାଇକୋସିସ,,,,,ആക്റ്റിനോമൈക്കോസിസ്,,32
http://www.wikidata.org/entity/Q622901,Korsakoff's syndrome,Korsakoff syndrome,,,,,,,,,,,,,,,,,,32
http://www.wikidata.org/entity/Q752216,Gilbert syndrome,Gilbert's syndrome,गिल्बर्ट सिंड्रोम,,,,గిల్బర్ట్ సిండ్రోమ్,,,,,,ଗିଲବର୍ଟ ସିଣ୍ଡ୍ରୋମ,,கில்பர்ட் நோய்த்தொகை,,,,,32
http://www.wikidata.org/entity/Q860395,osteomalacia,Osteomalacia,अस्थिमृदुता,,,,,,,,,,,,,,,,,32
http://www.wikidata.org/entity/Q926462,pityriasis versicolor,Tinea versicolor,सेहुँआ,ছুলি,,,,,,,,,,,,,,ചുണങ്ങ്,,32
http://www.wikidata.org/entity/Q937353,echolalia,Echolalia,,,,,,,,,,,,,,,,,,32
http://www.wikidata.org/entity/Q1141499,Ehlers-Danlos syndrome,Ehlers–Danlos syndromes,,,,,,,,,,,ଏହଲର୍ସ-ଡାନଲର୍ସ ସିଣ୍ଡ୍ରୋମ,,எகிலர்சு தானிலோசு நோய்த்தொகை,,,,,32
http://www.wikidata.org/entity/Q1145674,necrotizing fasciitis,Necrotizing fasciitis,,,,,,,,,,,ନେକ୍ରୋଟାଇଜିଙ୍ଗ ଫାସାଇଟିସ,,,,,,,32
http://www.wikidata.org/entity/Q356033,adenocarcinoma,Adenocarcinoma,,,,,ఎడినోకార్సినోమా,,,,,,,,,,,,adenokarcinomo,31
http://www.wikidata.org/entity/Q401402,nephritis,Nephritis,nephiritis,,,,,,,,,,,,நீரகவழல்,,,,nefrito,31
http://www.wikidata.org/entity/Q560337,Tay-Sachs disease,Tay–Sachs disease,,,,,,,,,,,ଟେ-ସାକ୍ସ ଡିଜିଜ,,,,,ടേ-സാക്സ് രോഗം,malsano de Tay-Sachs,31
http://www.wikidata.org/entity/Q584560,dysgraphia,Dysgraphia,,,,,,,,,,,,,,,,,Disgrafio,31
http://www.wikidata.org/entity/Q164727,ornithosis,Psittacosis,,,,,,,,,,,,,,,,തത്തപ്പനി,Psitakozo,31
http://www.wikidata.org/entity/Q601037,canine distemper,Canine distemper,,,,,,,,,,,,,,,,നായ്പൊങ്ങൻ,hundopesto,31
http://www.wikidata.org/entity/Q756289,nephroblastoma,Wilms' tumor,,,,,,,,,,,,,வில்ம்சு புற்றுநோய்,,,,nefroblastomo,31
http://www.wikidata.org/entity/Q767485,respiratory failure,Respiratory failure,,,,,,,,,,,,,,,,,spirhalto,31
http://www.wikidata.org/entity/Q846316,aplastic anemia,Aplastic anemia,,অবর্ধক রক্তশূন্যতা,,,,,,,,,,,,अवर्धनात्मक रक्त अल्पता,,എപ്ലാസ്റ്റിക് അനീമിയ,aplazia anemio,31
http://www.wikidata.org/entity/Q1122485,urethritis,Urethritis,,,,,,,,,,,,,,,,,uretrito,31
http://www.wikidata.org/entity/Q1417240,benign neoplasm,Benign tumor,,বেনাইন টিউমার,,,,,,,,,,,,,ورمِ حلیم,,benigna tumoro,31
http://www.wikidata.org/entity/Q525642,DiGeorge syndrome,DiGeorge syndrome,,,,,,,,,,,ଡାଇଜର୍ଜ ସିଣ୍ଡ୍ରୋମ,,தைஜார்ஜ் நோய்த்தொகை,,,,,31
http://www.wikidata.org/entity/Q585285,thrombocytopenia,Thrombocytopenia,,,,,,,,,,,,,,,,,,31
http://www.wikidata.org/entity/Q727153,hiatus hernia,Hiatal hernia,,,,,,,,,,,ହାୟାଟସ ହାର୍ନିଆ,,இரைப்பை ஏற்றம்,,,,,31
http://www.wikidata.org/entity/Q845787,histrionic personality disorder,Histrionic personality disorder,,,,,,,,,,,,,நடிப்புத் திறன் ஆளுமைக் குறைபாடு,,,,,31
http://www.wikidata.org/entity/Q848343,glucose-6-phosphate dehydrogenase deficiency,Glucose-6-phosphate dehydrogenase deficiency,,,,,,,,,,,ଗ୍ଲୁକୋଜ-୬-ଫସଫେଟ ଡିହାଇଡ୍ରୋଜେନେଜ ଅଭାବ,,,,,,,31
http://www.wikidata.org/entity/Q1088156,chronic lymphocytic leukemia,Chronic lymphocytic leukemia,,দীর্ঘমেয়াদী লসিকাকোষীয় লিউকিমিয়া,,,క్రానిక్ లింపోసైటిక్ లుకేమియా,,,,,,କ୍ରନିକ ଲିମ୍ଫୋସାଇଟିକ ଲିଉକେମିଆ,,,,سیالویاتی ابیضاضِ مزمن,,,31
http://www.wikidata.org/entity/Q1138590,Non-Hodgkin lymphoma,Non-Hodgkin lymphoma,,নন-হজকিন লিম্ফোমা,,,,,,,,,ନନ୍-ହଜକିନ ଲିମ୍ଫୋମା,,,,,,,31
http://www.wikidata.org/entity/Q1162694,keratoconjunctivitis sicca,Dry eye syndrome,केराटोकोनजुन्त्सिविटिस सीका,,,,,,,,,ಕೆರಾಟೋಕಾನ್ಜುಂಕ್ಟಿವಿಟಿಸ್ ಸಿಕ್ಕಾ,ଶୁଷ୍କ ଚକ୍ଷୁ,,,,,,,31
http://www.wikidata.org/entity/Q523893,ichthyosis,Ichthyosis,,,,,,,,,,,,,,,,,iktiozo,30
http://www.wikidata.org/entity/Q605006,glomerulonephritis,Glomerulonephritis,,,,,,,,,,,,,,,,,glomerulonefrito,30
http://www.wikidata.org/entity/Q170102,scrapie,Scrapie,,,,,,,,,,,,,,,,,Ŝaftremo,30
http://www.wikidata.org/entity/Q622427,ptosis,Ptosis (eyelid),,,,,,,,,,,,,,,,,Ptozo,30
http://www.wikidata.org/entity/Q845224,generalized anxiety disorder,Generalized anxiety disorder,panic attack solution treatment,,,,,,,,,,,,,,,,ĝeneraligita anksieca malsano,30
http://www.wikidata.org/entity/Q847057,retinitis pigmentosa,Retinitis pigmentosa,,,,,,,,,,,ରେଟିନାଇଟିସ ପିଗମେଣ୍ଟୋସା,,,,,,Retinitis pigmentosa,30
http://www.wikidata.org/entity/Q936549,somatoform disorder,Somatic symptom disorder,,সোমাটিক সিমট্রোম ডিজঅর্ডার,,,,,,,,,,,,,,,somatoforma malsano,30
http://www.wikidata.org/entity/Q1143025,oral cavity cancer,Oral cancer,cancer,,,तोंडाचा कर्करोग,,,,,,ಬಾಯಿಯ ಕ್ಯಾನ್ಸರ್,,,வாய் புற்றுநோய்,,,,buŝa kancero,30
http://www.wikidata.org/entity/Q31798,chancroid,Chancroid,,,,,,,,,,,,,,,,,Ŝankroido,30
http://www.wikidata.org/entity/Q162266,hemolytic-uremic syndrome,Hemolytic–uremic syndrome,,,,,,,,,,,ହେମୋଲିଟିକ-ୟୁରିମିକ ସିଣ୍ଡ୍ରୋମ,,சிவப்பணுச்சிதைவு - சிறுநீரகச்செயலிழப்புக் கூட்டறிகுறி,,,,,30
http://www.wikidata.org/entity/Q303555,hypoactive sexual desire disorder,Hypoactive sexual desire disorder,,হাইপোসেক্সুয়ালিটি,Ubaridi wa ashiki,,,,,,,,,,,,,,,30
http://www.wikidata.org/entity/Q424227,bronchiolitis,Bronchiolitis,,,,,,ਬਰਾਨਕਿਆਲਿਟੀਸ,,,,,ବ୍ରୋଙ୍କିଓଲାଇଟିସ,,மூச்சுக்குழலழற்சி,,,,,30
http://www.wikidata.org/entity/Q496812,leukopenia,Leukopenia,,,,,,,,,,,,,,,,,,30
http://www.wikidata.org/entity/Q500695,retinoblastoma,Retinoblastoma,,,,,,,,,,,ରେଟିନୋବ୍ଳାଷ୍ଟୋମା,,,,شبکی ورمِ ارومہ,,,30
http://www.wikidata.org/entity/Q657193,metabolic syndrome,Metabolic syndrome,उपापचय संलक्षण,,,मेटॅबोलिक सिन्ड्रोम,,ਮੈਟਾਬੌਲਕ ਸਿੰਡ੍ਰੋਮ,,,,,,,,,,,,30
http://www.wikidata.org/entity/Q823027,disseminated intravascular coagulation,Disseminated intravascular coagulation,,,,,,,,,,,ଡିସସେମିନେଟେଡ ଇଣ୍ଟ୍ରାଭାସ୍କୁଲାର କୋଆଗୁଲେସନ,,,,,,,30
http://www.wikidata.org/entity/Q911386,stomatitis,Stomatitis,,,,,,,,,,,,,வாயழற்சி,,,,,30
http://www.wikidata.org/entity/Q980709,status epilepticus,Status epilepticus,,,Shambulio la mfululizo la kifafa,,,,,,,,ସାଂଘାତିକ ଅପସ୍ମାର,,,,,,,30
http://www.wikidata.org/entity/Q1077505,Crimean-Congo hemorrhagic fever,Crimean–Congo hemorrhagic fever,कांगो ज्वर,,,,,,,,,,କ୍ରାଇମିଆନ-କଙ୍ଗୋ ହେମୋରେଜିକ ଜ୍ୱର,,கொங்கோ காய்ச்சல்,,کریمین ہیمریجک کانگو بخار,കോംഗോ പനി,,30
http://www.wikidata.org/entity/Q1138580,Ewing's sarcoma,Ewing's sarcoma,,,,,,,,,,ಎವಿಂಗ್ ಸಾರ್ಕೋಮಾ,ଇୱିଙ୍ଗସ ସାର୍କୋମା,,,,,,,30
http://www.wikidata.org/entity/Q1331905,Lewy body dementia,Dementia with Lewy bodies,,,,,,,,,,,ଡିମେନ୍ସିଆ ଉଇଥ ଲୁଇ ବଡିଜ,,,,,,,30
http://www.wikidata.org/entity/Q259626,aspergillosis,Aspergillosis,,,,,,,,,,,,,,,,അസ്പർജില്ലോസിസ്,aspergilozo,29
http://www.wikidata.org/entity/Q584211,hydrocele,Hydrocele,जलवृषण,কুরণ্ড,,,వరిబీజం,,,,,,,,விரை வீக்கம்,hydrocele,,,Hidrocelo,29
http://www.wikidata.org/entity/Q599683,Brugada syndrome,Brugada syndrome,,,,,,,,,,,ବ୍ରୁଗାଡା ସିଣ୍ଡ୍ରୋମ,,புருகாடா நோய்க்கூட்டறிகுறி,,,,sindromo de Brugada,29
http://www.wikidata.org/entity/Q177190,sleep disorder,Sleep disorder,sleep disorder,,,,నిద్ర రుగ్మత,,,ઊંઘને લગતી બીમારી,,,,,,,,,dorma malsano,29
http://www.wikidata.org/entity/Q1928978,viral infectious disease,Viral disease,,ভাইরাসঘটিত রোগ,,,,,,વિષાણુ જન્ય રોગ,,diseases caused by virus and bactiria,ଭୂତାଣୁ ଜନିତ ସଂକ୍ରାମକ ରୋଗ,,,,وائرل مرض,,virusa malsano,29
http://www.wikidata.org/entity/Q1992236,enterobiasis,Pinworm infection,,,,,,ਚਲੂਣੇ,,,,,ଦଶିପୋକ ସଂକ୍ରମଣ,,ஊசிப்புழு,,,കൃമി ബാധ,Oksiurinfekto,29
http://www.wikidata.org/entity/Q751641,hypersomnia,Hypersomnia,,,,,,,,,,,,,,,,,trodormemo,29
http://www.wikidata.org/entity/Q753654,erythema infectiosum,Fifth disease,,,,,,,,,,,,,,,,,eritemo infekta,29
http://www.wikidata.org/entity/Q3184856,substance abuse,Substance abuse,,মাদক অপব্যবহার,,औषधाचा गैरवापर (नशेचे पदार्थ),,,,,,,,,போதைப்பொருள்,,منشیات کا استحصال,,droga misuzado,29
http://www.wikidata.org/entity/Q852423,laryngeal cancer,Laryngeal cancer,,,,,,,,,,,,,,,گلے کا سرطان,,laringa kancero,29
http://www.wikidata.org/entity/Q932843,pulpitis,Pulpitis,,,,,,,,,,,,,,,,,Pulpito,29
http://www.wikidata.org/entity/Q949302,skin disease,Skin condition,चर्म रोग,চর্ম সংক্রান্ত জটিলতা,,,,ਕਿਉਟੇਨਿਅਸ ਹਾਲਤ,,,,,,,சரும நிலை,,جلدی مرض,ചർമ രോഗങ്ങൾ,haŭtmalsano,29
http://www.wikidata.org/entity/Q966052,cryptorchidism,Cryptorchidism,,,,,,,,,,,,,,,,,Kriptorĥideco,29
http://www.wikidata.org/entity/Q1051223,seasonal affective disorder,Seasonal affective disorder,,,,,,,,,,,,,,,,സീസണൽ അഫക്റ്റീവ് ഡിസോർഡർ (എസ്.എ.ഡി),laŭsezona deprimo,29
http://www.wikidata.org/entity/Q1066061,diverticulitis,Diverticulitis,,,,,,,,,,,ଡାଇଭର୍ଟିକୁଲାଇଟିସ,,,,,,Divertikulito,29
http://www.wikidata.org/entity/Q1344812,epididymitis,Epididymitis,,,,,,,,,,,ଏପିଡିଡିମାଇଟିସ,,,,,,epididimito,29
http://www.wikidata.org/entity/Q320719,dependent personality disorder,Dependent personality disorder,,,,,,,,,,,,,,,,,,29
http://www.wikidata.org/entity/Q536269,phaeochromocytoma,Pheochromocytoma,फीयोक्रोमोसाइटोमा,,,,,,,,,,,,,,,,,29
http://www.wikidata.org/entity/Q639776,cat-scratch disease,Cat-scratch disease,,,,,,,,,,,ବିଲେଇ-ରାମ୍ପୁଡ଼ା ରୋଗ,,,,,പൂച്ചമാന്തി രോഗം,,29
http://www.wikidata.org/entity/Q706845,Lassa fever,Lassa fever,लासा ज्वर,,Homa ya Lassa,,,,,,,,ଲାସା ଜ୍ୱର,,,,,,,29
http://www.wikidata.org/entity/Q744790,Treacher Collins syndrome,Treacher Collins syndrome,ट्रेचर कोलिन्स सिंड्रोम (टीसीएस),,,,,,,,,,ଟ୍ରିଚର କୋଲିନସ ସିଣ୍ଡ୍ରୋମ,,திரீச்சர் காலின்சு நோய்த்தொகை,,,,,29
http://www.wikidata.org/entity/Q752298,Cri-Du-Chat syndrome,Cri du chat syndrome,,,,,,,,,,,,,,,,,,29
http://www.wikidata.org/entity/Q768888,miliaria,Miliaria,घमौरी,ঘামাচি,,,,,,,,ಬೆವರುಸಾಲೆ,ଘିମିରି,,வேர்க்குரு,,,,,29
http://www.wikidata.org/entity/Q817310,benign paroxysmal positional nystagmus,Benign paroxysmal positional vertigo,,,,,,,,,,,ବିନାଇନ ପାରୋକସିସମାଲ ପୋଜିସନାଲ ଭର୍ଟାଇଗୋ,,,,,,,29
http://www.wikidata.org/entity/Q838139,ventricular septal defect,Ventricular septal defect,,,,व्हेंट्रीक्युलर सेप्टल डिफेक्ट,,,,,,,,,,,بطینی نقص حاجز,,,29
http://www.wikidata.org/entity/Q906492,dystonia,Dystonia,,,,,,,,,,,,,,,,,,29
http://www.wikidata.org/entity/Q1077603,mesothelioma,Mesothelioma,मेसोथेलियोमा,,,,,ਮੇਸੋਥੇਲੀਓਮਾ,,,,,ମେସୋଥେଲିଓମା,,இடை தோலியப்புற்று,,,,,29
http://www.wikidata.org/entity/Q1129046,alexithymia,Alexithymia,,,,,,,,,,,,,,,,,,29
http://www.wikidata.org/entity/Q1134891,pica,Pica (disorder),,,,,,,,,,,,,,,پائیکا,,,29
http://www.wikidata.org/entity/Q2046113,visceral leishmaniasis,Visceral leishmaniasis,,কালা জ্বর,,काला-आजार,,,,,,,କାଲାଆଜାର,,கருங் காய்ச்சல்,कालाजार,,കാലാ അസാർ,,29
http://www.wikidata.org/entity/Q5075435,alopecia areata,Alopecia areata,अलोपेसिया अरीटा,এলোপেসিয়া এরিয়াটা,,,అలోపీసీయా ఎరేటా,ਐਲੋਪੀਸੀਆ ਐਰੀਆਟਾ,,,,,ଆଲୋପେସିଆ ଏରିଆଟା,,,,,,area alopecio,28
http://www.wikidata.org/entity/Q756610,otosclerosis,Otosclerosis,,,,,,,,,,,,,,,,,otosklerozo,28
http://www.wikidata.org/entity/Q911427,Behcet's disease,Behçet's disease,,,,,,,,,,,ବେସେଟ ଡିଜିଜ,,,,,,malsano de Behçet,28
http://www.wikidata.org/entity/Q959922,carbuncle,Carbuncle,बहुछिद्रिल फोड़ा,,,,,,,,,,,,,,,,Karbunklo,28
http://www.wikidata.org/entity/Q1054718,kidney disease,Kidney disease,,,,,,,,,,,,,,,مرض گردہ,,nefropatio,28
http://www.wikidata.org/entity/Q1076421,choreatic disease,Chorea,,,,,,,,,,,,,,,,,koreo,28
http://www.wikidata.org/entity/Q9692,feline infectious peritonitis,Feline infectious peritonitis,फेलिन इन्फेक्सियस पेरिटोनाइटिस,,,,,,,,,,,,,,,,kata infekta peritoneito,28
http://www.wikidata.org/entity/Q1148337,hepatocellular carcinoma,Hepatocellular carcinoma,,,,,,,,,,,,,,,,ഹെപാറ്റോസെല്ലുലാർ കാർസിനോമ,hepatoĉela karcinomo,28
http://www.wikidata.org/entity/Q1342455,myxomatosis,Myxomatosis,,,,,,,,,,,,,,,,,miksomatozo,28
http://www.wikidata.org/entity/Q1342955,penile cancer,Penile cancer,,,,,,,,,,,,,ஆண்குறி புற்றுநோய்,,,,penisa kancero,28
http://www.wikidata.org/entity/Q366868,congenital adrenal hyperplasia,Congenital adrenal hyperplasia,,,,,,,,,,,,,அட்ரீனல் கோளாறு,,,,,28
http://www.wikidata.org/entity/Q396013,agranulocytosis,Agranulocytosis,,,,,,,,,,,,,,,,അഗ്രാനുലോസൈറ്റോസിസ്,,28
http://www.wikidata.org/entity/Q638729,autoimmune thrombocytopenic purpura,Immune thrombocytopenic purpura,अज्ञातहेतुक बिंबाणुअल्पताजन्य रक्तचित्तिता,,,,,,,,,,,,,,,,,28
http://www.wikidata.org/entity/Q709360,von Willebrand's disease,Von Willebrand disease,,,,,,,,,,,,,,,,,,28
http://www.wikidata.org/entity/Q797668,babesiosis,Babesiosis,बबेसिओसिस,,,,,,,,,,,,,,,,,28
http://www.wikidata.org/entity/Q808892,Barrett's esophagus,Barrett's esophagus,,,,,Barrett's esophagus,,,,,,,,பரட்டின் உணவுக்குழாய்,,,,,28
http://www.wikidata.org/entity/Q809758,basal-cell carcinoma,Basal-cell carcinoma,,,,,,,,,,,ବାସାଲ ସେଲ କାର୍ସିନୋମା,,,,,,,28
http://www.wikidata.org/entity/Q838018,Capgras syndrome,Capgras delusion,,,,,,,,,,,,,,,,,,28
http://www.wikidata.org/entity/Q954625,myelodysplastic syndrome,Myelodysplastic syndrome,,,,,,,,,,,ମାୟେଲୋଡିସପ୍ଲାସ୍ଟିକ ସିଣ୍ଡ୍ରୋମ,,,,,,,28
http://www.wikidata.org/entity/Q977090,vulvovaginal candidiasis,Vaginal yeast infection,योनि खमीर संक्रमण,,,,,,,,,,ଯୋନୀପଥ ଇଷ୍ଟ ସଂକ୍ରମଣ,,"பூஞ்சையால் புணர்புழை, அல்குல் அழற்சி",,,,,28
http://www.wikidata.org/entity/Q1053948,Stevens-Johnson syndrome,Stevens–Johnson syndrome,स्टीवेंस-जॉन्सन सिंड्रोम,,,,స్టీవెన్స్ -జాన్సన్ సిండ్రోమ్,,,,,,ସ୍ଟିଭେନ୍ସ ଜନସନ ସିଣ୍ଡ୍ରୋମ,,,,,,,28
http://www.wikidata.org/entity/Q1112977,syringomyelia,Syringomyelia,,,,,,,,,,,,,,,,,,28
http://www.wikidata.org/entity/Q1128440,toxic shock syndrome,Toxic shock syndrome,,,,,,,,,,,ଟକ୍ସିକ ସକ୍ ସିଣ୍ଡ୍ରୋମ,,,,,,,28
http://www.wikidata.org/entity/Q1132108,hypospadias,Hypospadias,,অধঃমূত্ররন্ধ্রতা,,,,,,,,,,,,,,അധോമൂത്രമാർഗത,,28
http://www.wikidata.org/entity/Q52851,plantar fasciitis,Plantar fasciitis,,,,,,,,,,,ପ୍ଲାଣ୍ଟାର ଫାସାଇଟିସ,,குதிவாதம்,,,ഉപ്പൂറ്റിവേദന,,28
http://www.wikidata.org/entity/Q1601794,parasitic infectious diseases,Parasitic disease,परजीविजन्य रोग,,,,,,,,,,ପରଜୀବୀ ରୋଗ,,ஒட்டுண்ணி நோய்கள்,,,,parazitozo,27
http://www.wikidata.org/entity/Q612693,xeroderma pigmentosum,Xeroderma pigmentosum,,,,,,,,,,,ଜିରୋଡର୍ମା ପିଗମେଣ୍ଟୋସମ,,,,,,pigmenta kserodermo,27
http://www.wikidata.org/entity/Q1941101,myoma,Myoma,,,,,మయోమా,,,,,,,,,,ہمعضلومہ,,miomo,27
http://www.wikidata.org/entity/Q680873,otitis externa,Otitis externa,,,,,,,,,,,ବହିଃ କର୍ଣ୍ଣ ପ୍ରଦାହ,,,,,,ekstera otito,27
http://www.wikidata.org/entity/Q794026,azoospermia,Azoospermia,अशुक्राणुता,,,,,,,,,,,,,,,,senspermatozoeco,27
http://www.wikidata.org/entity/Q854573,acute pancreatitis,Acute pancreatitis,,কমল,,,,,,,,,,,,,,,akuta pankreatito,27
http://www.wikidata.org/entity/Q917447,inflammatory bowel disease,Inflammatory bowel disease,प्रदाहक आन्त्र रोग,,,,,,,,,,,,,,,,malsano de inflamanta intesto,27
http://www.wikidata.org/entity/Q945238,peripheral neuropathy,Peripheral neuropathy,तंत्रिकाशोथ,,,,,,,,,,,,புற நரம்பு பாதிப்பு,,,,periferia neŭropatio,27
http://www.wikidata.org/entity/Q1129105,diabetic nephropathy,Diabetic nephropathy,मधुमेही नेफ्रोपैथी,,,,డయాబెటిక్ నెఫ్రోపతీ,,,,,,,,,,,,diabeta nefropatio,27
http://www.wikidata.org/entity/Q32446,pulmonary fibrosis,Pulmonary fibrosis,,,,,,,,,,,,,,,,,pulma fibrozo,27
http://www.wikidata.org/entity/Q1343645,Hirschsprung's disease,Hirschsprung's disease,,,,,,,,,,,ହିରସ୍ପ୍ରଙ୍ଗସ ଡିଜିଜ,,,,,,malsano de Hirschsprung,27
http://www.wikidata.org/entity/Q378681,peripheral artery disease,Peripheral artery disease,परिधीय संवहिनी रोग,,,,,,,,,,ପ୍ରାନ୍ତୀୟ ଧମନୀ ରୋଗ,,,,,,,27
http://www.wikidata.org/entity/Q418418,ankylosis,Ankylosis,,,,,,ਐਂਕਾਈਲੌਸਿਸ,,,,,,,எலும்புப் பிணைப்பு,,,,,27
http://www.wikidata.org/entity/Q580290,spinal muscular atrophy,Spinal muscular atrophy,,,,,,,,,,,,,,,,,,27
http://www.wikidata.org/entity/Q593958,transient cerebral isolation,Transient ischemic attack,,,,,,,,,,,,,தற்காலிக பாரிசவாத தாக்குதல்,,,ക്ഷണിക ഇസ്കീമിക ആഘാതം,,27
http://www.wikidata.org/entity/Q612681,anuria,Anuria,,,,,,,,,,,,,,,,,,27
http://www.wikidata.org/entity/Q642548,hepatic encephalopathy,Hepatic encephalopathy,,,,,హెపాటిక్ ఎన్ సెఫలోపతి,,,,,,ହେପାଟିକ ଏନସେଫାଲୋପାଥି,,கல்லீரல்நோய் மூளைக்கோளாறு,,,,,27
http://www.wikidata.org/entity/Q730877,hydronephrosis,Hydronephrosis,,,,,,,,,,,,,hydronephrosis frome wekipediya simtems,,,,,27
http://www.wikidata.org/entity/Q738153,ileus,Ileus,बद्धान्त्र,,,,,,,,,,,,,,,,,27
http://www.wikidata.org/entity/Q861560,schizotypal personality disorder,Schizotypal personality disorder,,,,,,,,,,,,,,,,,,27
http://www.wikidata.org/entity/Q874586,Peyronie's disease,Peyronie's disease,,,,,,,,,,,,,,,,,,27
http://www.wikidata.org/entity/Q877827,diabetic ketoacidosis,Diabetic ketoacidosis,,ডায়াবেটিক কিটোঅ্যাসিডোসিস,,,,,,,,,ଡାଏବେଟିକ କିଟୋଏସିଡୋସିସ,,,,,,,27
http://www.wikidata.org/entity/Q948318,polycythemia vera,Polycythemia vera,Polycythemia vera,,,,,,,,,,,,,,,,,27
http://www.wikidata.org/entity/Q1125160,pityriasis rosea,Pityriasis rosea,,,,,,,,,,,ପିଟିରିଆସିସ ରୋଜିଆ,,,,,,,27
http://www.wikidata.org/entity/Q1126831,tetralogy of Fallot,Tetralogy of Fallot,,,,,,,,,,,ଟେଟ୍ରାଲୋଜି ଅଫ ଫ୍ୟାଲଟ,,,,,,,27
http://www.wikidata.org/entity/Q1126839,Horner's syndrome,Horner's syndrome,,,,,,,,,,,,,,,,,,27
http://www.wikidata.org/entity/Q1340774,endometritis,Endometritis,,এন্ডোমেট্রাইটিস,,,,,,,,ಎಂಡೊಮೆಟ್ರಿಟಿಸ್,ଜରାୟୁ ଝିଲ୍ଲୀ ପ୍ରଦାହ,,கருப்பையகப்படல அழற்சி,,,,,27
http://www.wikidata.org/entity/Q1346016,pernicious anemia,Vitamin B12 deficiency anemia,,,,,,,,,,,ପର୍ନିସିଅସ୍ ଆନିମିଆ,,,,,,,27
http://www.wikidata.org/entity/Q1939330,Conn's syndrome,Primary aldosteronism,,,,,,,,,,,ପ୍ରାଇମେରୀ ଆଲଡୋଷ୍ଟେରୋନିଜମ,,,,,,,27
http://www.wikidata.org/entity/Q470427,refractive error,Refractive error,अपवर्तन दोष,,,,,,,,,,ଚକ୍ଷୁ ପ୍ରତିସରଣ ଦୋଷ,,,,,,refrakta eraro,26
http://www.wikidata.org/entity/Q11627066,West Nile fever,West Nile fever,,,,,,,,,,,ୱେଷ୍ଟ ନାଇଲ ଫିଭର,,,,,വെസ്റ്റ് നൈൽ പനി,okcidentnila febro,26
http://www.wikidata.org/entity/Q692536,muscular disease,Myopathy,,,,,మయోపతీ,,,,,,,,,,,,miopatio,26
http://www.wikidata.org/entity/Q778502,vaginal discharge,Vaginal discharge,,যোনিস্রাব,,,,,,,,,,,,,,,vagina sekreciaĵo,26
http://www.wikidata.org/entity/Q2632404,African swine fever,,,,,,,,,,,,,,,,,,afrika porka febro,26
http://www.wikidata.org/entity/Q944108,animal phobia,Zoophobia,,,,,,,,,,,,,,,,,zoofobio,26
http://www.wikidata.org/entity/Q970203,milk allergy,Milk allergy,,,,,పాలు అలెర్జీ,,,,,,,,,,,,bovolakta alergio,26
http://www.wikidata.org/entity/Q1365309,glioma,Glioma,,গ্লিওমা,,,,,,,,,,,,,,,gliomo,26
http://www.wikidata.org/entity/Q1410831,fibrodysplasia ossificans progressiva,Fibrodysplasia ossificans progressiva,,,,,,,,,,,,,,,,ഫൈബ്രോഡിസ്പ്ലാസിയ ഓസിഫിക്കൻസ് പ്രോഗ്രെസ്സിവ,Progresa ostiĝa fibrodisplazio,26
http://www.wikidata.org/entity/Q1414480,paraphimosis,Paraphimosis,,,,,,,,,,,,,,,,,parafimozo,26
http://www.wikidata.org/entity/Q369157,meningioma,Meningioma,,মেনিনজিওমা,,,,,,,,,ମେନିଞ୍ଜିଓମା,,மூளை தண்டுவட உறை புற்று நோய்,,,,,26
http://www.wikidata.org/entity/Q574406,Bartholin's duct cyst,Bartholin's cyst,,বার্থোলিনের সিস্ট,,,,,,,,,ବାର୍ଥୋଲିନ ସିସ୍ଟ,,பார்தோலின் நீர்க்கட்டி,,,,,26
http://www.wikidata.org/entity/Q681817,squamous cell carcinoma,Squamous cell carcinoma,स्क्वैमस सेल कार्सिनोमा,,,,స్క్వామస్ సెల్ కార్సినోమా,,,,,,ସ୍କ୍ୱାମସ ସେଲ ଚର୍ମ କର୍କଟ,,,,,,,26
http://www.wikidata.org/entity/Q746001,thromboangiitis obliterans,Thromboangiitis obliterans,,বার্জারস ডিজিজ,,,,,,,,,,,,,,,,26
http://www.wikidata.org/entity/Q757749,atrial heart septal defect,Atrial septal defect,अलिंदी पटलीय दोष,,,एट्रियल सेप्टल डिफेक्ट,,,,,,,,,,,,,,26
http://www.wikidata.org/entity/Q929313,cardiac tamponade,Cardiac tamponade,,,,,,,,,,,କାର୍ଡ଼ିଆକ ଟାମ୍ପୋନେଡ,,,,,,,26
http://www.wikidata.org/entity/Q1161568,Granulomatosis with polyangiitis,Granulomatosis with polyangiitis,,,,,,,,,,,,,,,,,,26
http://www.wikidata.org/entity/Q1327700,reactive arthritis,Reactive arthritis,,,,,,,,,,,,,,,,,,26
http://www.wikidata.org/entity/Q1362721,tuberous sclerosis,Tuberous sclerosis,टूबेरौस स्क्लेरोसिस,,,,,,,,,,,,,,,,,26
http://www.wikidata.org/entity/Q1410808,breast fibroadenoma,Fibroadenoma,फाइब्रोएडीनोमा,,,,,,,,,,,,,,,,,26
http://www.wikidata.org/entity/Q1427959,dental fluorosis,Dental fluorosis,,,,,,ਫ਼ਲੋਰੋਸਿਸ,,,,,,,,,,,,26
http://www.wikidata.org/entity/Q1483214,pemphigus,Pemphigus,,,,,,,,,,,,,,,,,,26
http://www.wikidata.org/entity/Q6058862,fatty liver disease,Fatty liver disease,,,Mafuta ya ini,,,ਚਰਬੀ ਜਿਗਰ ਦੀ ਬਿਮਾਰੀ,,,,,,,கொழுப்புமிகு ஈரல்,,,,,26
http://www.wikidata.org/entity/Q327281,hepatitis D,Hepatitis D,हैपेटाइटिस डी,,,,,,,,,,,,,,ہیپاٹائٹس ڈی,ഹെപ്പറ്റൈറ്റിസ്-ഡി,hepatito D,25
http://www.wikidata.org/entity/Q218712,Zollinger-Ellison syndrome,Zollinger–Ellison syndrome,,জলিনজার-এলিসন সিন্ড্রোম,,,,,,,,,,,சொளிங்கர்-எலிசன் கூட்டறிகுறி,,,,sindromo de Zollinger-Ellison,25
http://www.wikidata.org/entity/Q582904,marasmus,Marasmus,,,,,,,,,,,,,,,marasmus,,Marasmo,25
http://www.wikidata.org/entity/Q613809,Kleine-Levin syndrome,Kleine–Levin syndrome,,,,,,,,,,,,,,,کلائین لیون سینڈروم,,sindromo de Kleine-Levin,25
http://www.wikidata.org/entity/Q1783924,head and neck cancer,Head and neck cancer,,,,,,ਸਿਰ ਅਤੇ ਗਰਦਨ ਦਾ ਕੈਂਸਰ,,,,,ମୁଣ୍ଡ ଓ ବେକ କର୍କଟ,,,,,,kapa-kola kancero,25
http://www.wikidata.org/entity/Q3896379,paronychia,Paronychia,,,,,గోరుచుట్టు,,,,,ಉಗುರುಸುತ್ತು,,,,,,,paroniĥio,25
http://www.wikidata.org/entity/Q1983841,viral hepatitis,Viral hepatitis,,,,,,,,,,,,,,,,,virusa hepatito,25
http://www.wikidata.org/entity/Q681160,dermatomyositis,Dermatomyositis,,,,,,,,,,,ଡର୍ମାଟୋମାୟୋସାଇଟିସ,,,,,,dermatomiito,25
http://www.wikidata.org/entity/Q2627467,dissociative disorder,Dissociative disorder,,,,,,,,,,,,,,,,,disocia malsano,25
http://www.wikidata.org/entity/Q7476596,genital herpes,Genital herpes,हरपीज,জেনিটাল হার্পিস,,,,,,,,,ଜେନିଟାଲ ହର୍ପିସ,,அக்கிக் கொப்பளங்கள்,,,,herpeto de generaj organoj,25
http://www.wikidata.org/entity/Q834047,schizoaffective disorder,Schizoaffective disorder,,,,,,,,,,,,,,,,,Skizoafektiva perturbo,25
http://www.wikidata.org/entity/Q862872,fatal familial insomnia,Fatal insomnia,,,,,,,,,,,,,,,,,mortiga familia sendormeco,25
http://www.wikidata.org/entity/Q1049655,paraplegia,Paraplegia,,,,,,,,,,,,,,,,,paraplegio,25
http://www.wikidata.org/entity/Q1209744,uterine cancer,Uterine cancer,गर्भाशय कर्क रोग,জরাযুর ক্যান্সার,,गर्भाशयाचा कर्करोग,,,,,,,ଗର୍ଭାଶୟ କର୍କଟ,,,,,ഗർഭാശയാർബ്ബുദം,utera kancero,25
http://www.wikidata.org/entity/Q1344835,hyperparathyroidism,Hyperparathyroidism,,,,,,,,,,,ହାଇପରପାରାଥାଇରଏଡିଜ୍ମ,,,,,,hiperparatiroidismo,25
http://www.wikidata.org/entity/Q124292,cholangiocarcinoma,Cholangiocarcinoma,,,,,,,,,,,ପିତ୍ତ ନଳୀ କର୍କଟ,,,,,,,25
http://www.wikidata.org/entity/Q281115,Proteus syndrome,Proteus syndrome,,,,,,,,,,,,,,,,,,25
http://www.wikidata.org/entity/Q529292,anencephaly,Anencephaly,,,,,,,,,,,,,,,,,,25
http://www.wikidata.org/entity/Q574905,Clostridium difficile colitis,Clostridioides difficile infection,,,,,,,,,,,କ୍ଲଷ୍ଟ୍ରିଡିଅମ ଡିଫିସିଲ ସଂକ୍ରମଣ,,போலிப்படலப் பெருங்குடல் அழற்சி,,,,,25
http://www.wikidata.org/entity/Q603644,cholangitis,Ascending cholangitis,,,,,,,,,,,ଆସେଣ୍ଡିଙ୍ଗ କୋଲାଞ୍ଜାଇଟିସ,,,,,,,25
http://www.wikidata.org/entity/Q627625,histoplasmosis,Histoplasmosis,,,,,,,,,,,,,,,,,,25
http://www.wikidata.org/entity/Q690032,relapsing fever borreliosis,Relapsing fever,rilapsing fever,,,,,,,,,,,,,,,,,25
http://www.wikidata.org/entity/Q762713,hypercholesterolemia,Hypercholesterolemia,अतिवसारक्तता,,,,,,,,,,,,,,,,,25
http://www.wikidata.org/entity/Q774483,galactosemia,Galactosemia,,,,,,,,,,,,,,,,,,25
http://www.wikidata.org/entity/Q861224,juvenile rheumatoid arthritis,Juvenile idiopathic arthritis,,,,,,,,,,,,,,,,,,25
http://www.wikidata.org/entity/Q912796,papilloma,Papilloma,,,,,,,,,,,,,,,,,,25
http://www.wikidata.org/entity/Q925092,Wolff-Parkinson-White syndrome,Wolff–Parkinson–White syndrome,,,,,,,,,,,ଉଲ୍ଫ-ପାର୍କିନସନ-ହ୍ୱାଇଟ ସିଣ୍ଡ୍ରୋମ,,,,,wpw,,25
http://www.wikidata.org/entity/Q942755,folliculitis,Folliculitis,,,,,ఫొలిక్యులిటిస్,,,,,,,,,,,,,25
http://www.wikidata.org/entity/Q1052687,Charcot–Marie–Tooth disease,Charcot–Marie–Tooth disease,,,Ugonjwa wa Charcot,,,,,,,,,,,,,,,25
http://www.wikidata.org/entity/Q1054713,xerophthalmia,Xerophthalmia,शुष्काक्षिपाक,জেরপথালমিয়া,,,సంఖ్యలో నేత్రవ్యాధి కేసులకు కారణమవుతోంది,,,,,,,,,,,,,25
http://www.wikidata.org/entity/Q1130519,heart valve disease,Valvular heart disease,,,,,,,,,,,,,இதய அடைப்பிதழ் நோய்,,,,,25
http://www.wikidata.org/entity/Q1145668,hemolytic anemia,Hemolytic anemia,,,,,,,,,,,,,,,,,,25
http://www.wikidata.org/entity/Q1331116,Alport syndrome,Alport syndrome,,,Ugonjwa wa Alport,,,,,,,,,,,,,,,25
http://www.wikidata.org/entity/Q1345792,Goodpasture syndrome,Goodpasture syndrome,,,,,,,,,,,,,,,,,,25
http://www.wikidata.org/entity/Q1434575,spermatic cord torsion,Testicular torsion,epididymitis,,,,,,,,,,ଟେଷ୍ଟିକୁଲାର ଟର୍ସନ,,,,,,,25
http://www.wikidata.org/entity/Q1435822,neutropenia,Neutropenia,न्यूट्रोपेनिया,,,,,,,,,,,,,,,,,25
http://www.wikidata.org/entity/Q1456383,situs inversus,Situs inversus,,,,,,,,,,,,,உள்ளுறுப்பு இடப்பிறழ்வு,,,,,25
http://www.wikidata.org/entity/Q1471410,placenta praevia,Placenta praevia,,প্লাসেন্টা প্রিভিয়া,,मुखस्थ अपरा,,,,,,,ପ୍ଲାସେଣ୍ଟା ପ୍ରିଭିଆ,,,,,,,25
http://www.wikidata.org/entity/Q1478321,spinal stenosis,Spinal stenosis,,,,,,,,,,,ସ୍ପାଇନାଲ ସ୍ଟେନୋସିସ,,,,,,,25
http://www.wikidata.org/entity/Q1495085,gas gangrene,Gas gangrene,,,,,,,,,,,,,,,,,,25
http://www.wikidata.org/entity/Q1811189,obstructed labor,Obstructed labour,,রোধক প্রসব,Kukwama kwa leba,,అబ్స్ట్రక్టెడ్ లేబర్,ਜਣੇਪੇ ਸਮੇਂ ਰੁਕਾਵਟ,,,,,ବାଧାପ୍ରାପ୍ତ ପ୍ରସବ,,வலிமிகு மகப்பேறு,,,,,25
http://www.wikidata.org/entity/Q2035074,Paget's disease of bone,Paget's disease of bone,,,,,,,,,,,,,,,,,,25
http://www.wikidata.org/entity/Q267759,disorganized schizophrenia,Disorganized schizophrenia,,,,,,,,,,,,,,,,,hebefrenia skizofrenio,24
http://www.wikidata.org/entity/Q540850,orchitis,Orchitis,,,,,,,,,,,,,விரையழற்சி,,,,orkidito,24
http://www.wikidata.org/entity/Q576349,brain diseases,Encephalopathy,,,,,,,,,,,,,,,,,encefalopatio,24
http://www.wikidata.org/entity/Q1758393,Inherited metabolic disorder,Inborn errors of metabolism,चयापचय की अंतर्जात त्रुटि,বিপাক ক্রিয়ার জন্মগত ত্রুটি,,,,,,,,,,,,,,,denaska metabola malsano,24
http://www.wikidata.org/entity/Q946278,tracheitis,Tracheitis,,,,,,,,,,,,,,,,,traĥeito,24
http://www.wikidata.org/entity/Q1066011,cowpox,Cowpox,,,,,,,,,,,,,,,,,kaŭpokso,24
http://www.wikidata.org/entity/Q1269351,developmental coordination disorder,Developmental coordination disorder,,,,,,,,,,,,,,,,,Dispraksio,24
http://www.wikidata.org/entity/Q1423167,phlebitis,Phlebitis,,,,,,,,,,,,,சிரையழற்சி,,,,flebito,24
http://www.wikidata.org/entity/Q268292,mitral valve insufficiency,Mitral insufficiency,,,,,,,,,,,,,,,,,,24
http://www.wikidata.org/entity/Q366964,X-linked adrenoleukodystrophy,Adrenoleukodystrophy,,,,,,,,,,,,,,,,,,24
http://www.wikidata.org/entity/Q511097,psoriatic arthritis,Psoriatic arthritis,सोरियासिस संधिशोथ,,,,,,,,,,,,,,,സോറിയാറ്റിക് ആർത്രൈറ്റിസ്,,24
http://www.wikidata.org/entity/Q625935,hip dysplasia,Hip dysplasia,,,,,,,,,,,ହିପ ଡିସପ୍ଲାସିଆ,,,,,,,24
http://www.wikidata.org/entity/Q684383,exophthalmos,Exophthalmos,,,,,,,,,,,,,,,,,,24
http://www.wikidata.org/entity/Q719656,fasciolosis,Fasciolosis,छेरा रोग,,,,,,,,,,,,,,,,,24
http://www.wikidata.org/entity/Q881855,gestational trophoblastic neoplasm,Molar pregnancy,,,,,,,,,,,,,,,,,,24
http://www.wikidata.org/entity/Q935293,purpura,Purpura,रक्तचित्तिता,,,,,,,,,,,,ஊதாப்புள்ளியம்,,,,,24
http://www.wikidata.org/entity/Q938107,hypogonadism,Hypogonadism,,,,,,,,,,,,,,,,,,24
http://www.wikidata.org/entity/Q963944,melioidosis,Melioidosis,,,,,,,,,,,,,,,,മെലിയോയ്ഡോസിസ്,,24
http://www.wikidata.org/entity/Q1035319,Henoch-Schoenlein purpura,Henoch–Schönlein purpura,,হেনোক-সোনলিন পারপুরা,,,,,,,,,,,,,,,,24
http://www.wikidata.org/entity/Q1164529,renal cell carcinoma,Renal cell carcinoma,,,,,,,,,,,,,,,,,,24
http://www.wikidata.org/entity/Q1343674,lice infestation,Pediculosis,,,,,,,,,,,,,,,,പെഡികുലോസിസ്,,24
http://www.wikidata.org/entity/Q1347065,epiglottitis,Epiglottitis,,,,,,,,,,,ଏପିଗ୍ଲଟାଇଟିସ,,,,,,,24
http://www.wikidata.org/entity/Q1543446,Noonan syndrome,Noonan syndrome,,,,,,,,,,,ନୁନାନ ସିଣ୍ଡ୍ରୋମ,,,,,,,24
http://www.wikidata.org/entity/Q432462,Takayasu's arteritis,Takayasu's arteritis,,,,,,,,,,,,,டக்கயாசு தமனியழற்சி,,,,arteriito de Takajasu,23
http://www.wikidata.org/entity/Q388722,childhood disintegrative disease,Childhood disintegrative disorder,,,,,,,,,,,,,,,,,infanaĝa malintegrada malsano,23
http://www.wikidata.org/entity/Q400277,fetal alcohol syndrome,,,,,,,,,,,,,,,,,,feta alkohola sindromo,23
http://www.wikidata.org/entity/Q550455,retinal disease,Retinopathy,,,,,,,,,,,,,விழித்திரை நோய்,,,,retinopatio,23
http://www.wikidata.org/entity/Q578994,parasitic helminthiasis infectious disease,Helminthiasis,कृमिरोग,,,,,,,,,,,,,,,,helmintozo,23
http://www.wikidata.org/entity/Q1862972,pterygium,Pterygium (conjunctiva),,,,,,,,,,,ଟେରିଜିଅମ,,,,,,Pterigio,23
http://www.wikidata.org/entity/Q10832211,megaloblastic anemia,Megaloblastic anemia,Megaloblastic anemia,,,,,,,,,,,,,,,,Megaloblasta anemio,23
http://www.wikidata.org/entity/Q653924,long QT syndrome,Long QT syndrome,,,,,,,,,,,ଲଙ୍ଗ କ୍ୟୁଟି ସିଣ୍ଡ୍ରୋମ,,,,,,sindromo de longa QT,23
http://www.wikidata.org/entity/Q6691991,pervasive developmental disorder,Pervasive developmental disorder,,,,,,,,,,,,,,,,,trapenetranta disvolviĝa malsano,23
http://www.wikidata.org/entity/Q2606101,paranoid schizophrenia,Paranoid schizophrenia,,,,,,,,,,,,,,,,,paranoja skizofrenio,23
http://www.wikidata.org/entity/Q923020,epidermolysis bullosa,Epidermolysis bullosa,,,,,,,,,,,ଏପିଡର୍ମୋଲାଇସିସ ବୁଲୋସା,,,,,,Epidermolizo blaziga,23
http://www.wikidata.org/entity/Q994942,bruxism,Bruxism,,,,,,,,,,,,,,,,,dorma dentofrotado,23
http://www.wikidata.org/entity/Q1072716,Mongolian spot,Mongolian spot,,,,,,,,,,,,,,,,,mongola punkto,23
http://www.wikidata.org/entity/Q1144334,leukorrhea,Leukorrhea,श्वेत प्रदर,শ্বেত প্রদর,,,తెల్లబట్ట,ਲੁਕੋਰਿਅਏ,,,,ಬಿಳಿಸೆರಗು,ଲିୟୁକୋରିଆ,,Leucorrhoea,,,വെള്ളപോക്ക്,leŭkoreo,23
http://www.wikidata.org/entity/Q1324237,glossitis,Glossitis,,,,,,,,,,,,,நாவழல்,,,,langito,23
http://www.wikidata.org/entity/Q1359898,cryptosporidiosis,Cryptosporidiosis,,,,,,,,,,,,,,,,ക്രിപ്റ്റൊസ്പൊറീഡിയോസിസ്,Kriptosporidiozo,23
http://www.wikidata.org/entity/Q182413,non-controlled substance abuse,,नशाखोरी,,Utegemezi wa dawa za kulevya,,,,,,,,,,,,,,,23
http://www.wikidata.org/entity/Q316180,pseudorabies,Pseudorabies,,,,,,,,,,,,,,,,,,23
http://www.wikidata.org/entity/Q327005,glanders,Glanders,,,,,,,,,,,,,,,,,,23
http://www.wikidata.org/entity/Q327298,shigellosis,Shigellosis,पेचिश,শিগেলোসিস,,,,,,,,,ସିଗେଲୋସିସ,,,,,,,23
http://www.wikidata.org/entity/Q388113,placental abruption,Placental abruption,,,,,,,,,,,ପ୍ଳାସେଣ୍ଟାଲ ଆବରପସନ,,நஞ்சுக்கொடி தகர்வு,,,abruptio placenta,,23
http://www.wikidata.org/entity/Q393477,trench fever,Trench fever,,,,,,,,,,,,,,,,,,23
http://www.wikidata.org/entity/Q395931,agraphia,Agraphia,,,,,,,,,,,,,,अँगरखा,,,,23
http://www.wikidata.org/entity/Q509389,mastoiditis,Mastoiditis,,,,,,,,,,,,,,,,,,23
http://www.wikidata.org/entity/Q582207,antiphospholipid syndrome,Antiphospholipid syndrome,,,,,,,,,,,,,,,,,,23
http://www.wikidata.org/entity/Q748442,Methemoglobinemia,Methemoglobinemia,,,,,,,,,,,,,,,میٹ ہیمو گلوبنیمیا,,,23
http://www.wikidata.org/entity/Q754348,infant respiratory distress syndrome,Infant respiratory distress syndrome,,,,,,,,,,,,,,,,,,23
http://www.wikidata.org/entity/Q845779,Fanconi anemia,Fanconi anemia,,,,,,,,,,,,,,,,,,23
http://www.wikidata.org/entity/Q883863,blepharospasm,Blepharospasm,,,,,,,,,,,,,,,,,,23
http://www.wikidata.org/entity/Q924421,septic arthritis,Septic arthritis,,,,,,,,,,,ସେପ୍ଟିକ ଅର୍ଥ୍ରାଇଟିସ,,,,,,,23
http://www.wikidata.org/entity/Q994794,noma,Noma (disease),,,,,,,,,,,,,கடைவாய் அழுகல் நோய்,,,,,23
http://www.wikidata.org/entity/Q1016605,Burkitt lymphoma,Burkitt's lymphoma,,,,,,,,,,,,,,,,ബർക്കിറ്റ്സ് ലിംഫോമ,,23
http://www.wikidata.org/entity/Q1140794,mitral valve stenosis,Mitral valve stenosis,,,,,,,,,,,,,,,,,,23
http://www.wikidata.org/entity/Q1144618,familial Mediterranean fever,Familial Mediterranean fever,,,,,,,,,,,,,,,,,,23
http://www.wikidata.org/entity/Q1360044,syndactyly,Syndactyly,,,,,,,,,,,,,,,,,,23
http://www.wikidata.org/entity/Q1424612,intussusception,Intussusception (medical disorder),,,,,,,,,,,ଇଣ୍ଟସସେପସନ,,குடல் செருகல்,,اِنٹس سسیپشن,,,23
http://www.wikidata.org/entity/Q1495674,gastroschisis,Gastroschisis,गैस्ट्रोस्काइसिस,গ্যাসট্রসচিসিস,,,,,,,ग्यासट्रोस्कासिस,,ଗ୍ୟାସ୍ଟ୍ରୋସ୍କିସିସ,,இரைப்பை புடைப்பு,,,,,23
http://www.wikidata.org/entity/Q1755487,neonatal jaundice,Neonatal jaundice,नवजात शिशुओं में पीलिया,,,,,,,,,,ନବଜାତ କାମଳ,,புத்திளங்குழந்தை மஞ்சள் காமாலை,,,,,23
http://www.wikidata.org/entity/Q32811,Churg-Strauss syndrome,Eosinophilic granulomatosis with polyangiitis,,,,,,,,,,,,,,,,,,23
http://www.wikidata.org/entity/Q359892,salpingitis,Salpingitis,,,,,,,,,,,,,,,,,salpingito,22
http://www.wikidata.org/entity/Q283656,dilated cardiomyopathy,Dilated cardiomyopathy,,,,,,,,,,,ଡାଇଲେଟେଡ କାର୍ଡ଼ିଓମାୟୋପାଥି,,,,,,dilata kardiomiopatio,22
http://www.wikidata.org/entity/Q298230,esophagitis,Esophagitis,,,,,,,,,,,,,உணவுக்குழாய் அழற்சி,,,,ezofagito,22
http://www.wikidata.org/entity/Q1755122,neurodegeneration,Neurodegeneration,,,,,,,,,,,,,,,,ന്യുറോ ഡിജെനെരെറ്റീവ് രോഗങ്ങൾ,neŭrodegenera malsano,22
http://www.wikidata.org/entity/Q616003,aortic aneurysm,Aortic aneurysm,,,,,,,,,,,,,,,,,aorta aneŭrismo,22
http://www.wikidata.org/entity/Q653078,Whipple disease,Whipple's disease,,,,,,,,,,,,,விப்பிள் நோய்,,,,malsano de Whipple,22
http://www.wikidata.org/entity/Q703961,transmissible spongiform encephalopathy,Transmissible spongiform encephalopathy,,,,,,,,,,,,,,,,,transmisiebla spongoforma encefalopatio,22
http://www.wikidata.org/entity/Q2256736,abdominal aortic aneurysm,Abdominal aortic aneurysm,,,,,,,,,,,ଉଦର ମହାଧମନୀ ସ୍ପୀତି,,,,,,abdomena aorta aneŭrismo,22
http://www.wikidata.org/entity/Q3221083,motor neuron disease,Motor neuron disease,मोटर न्यूरॉन डिसीज़,,,,,,,,,,,,motor neuron disease,,عصبون حرکی مرض,,movneŭrona malsano,22
http://www.wikidata.org/entity/Q3234995,vitamin B12 deficiency,Vitamin B12 deficiency,What Is Gastritis?,,,,,,,,,,ଭିଟାମିନ ବି୧୨ ଅଭାବ,,,,,,manko de vitamino B₁₂,22
http://www.wikidata.org/entity/Q864296,pituitary adenoma,Pituitary adenoma,,,,,,,,,,,,,,,,,hipofiza adenomo,22
http://www.wikidata.org/entity/Q1027995,pyloric stenosis,Pyloric stenosis,,,,,,,,,,,ପାଇଲୋରିକ ଷ୍ଟେନୋସିସ,,,,,,pilora stenozo,22
http://www.wikidata.org/entity/Q1066265,Osgood-Schlatter's disease,Osgood–Schlatter disease,,,,,,,,,,,ଓସଗୁଡ-ସ୍ଲାଟର ଡିଜିଜ,,,,,,malsano de Osgood-Schlatter,22
http://www.wikidata.org/entity/Q49970,hyperuricemia,Hyperuricemia,,,,,,,,,,,,,,,,,Hiperuratemio,22
http://www.wikidata.org/entity/Q1505689,tenosynovitis,Tenosynovitis,,,,,,,,,,,,,,,,,Tendenosinovito,22
http://www.wikidata.org/entity/Q124604,portal hypertension,Portal hypertension,portal hypertansion,পোর্টাল হাইপারটেনশন,,,,,,,,,,,ஈரல் வாயினாள மிகையழுத்தம்,,,,,22
http://www.wikidata.org/entity/Q266421,autosomal recessive congenital ichthyosis,Harlequin-type ichthyosis,,,,,,,,,,,ହାରଲେକୁଇନ-ଟାଇପ ଇକଥିଓସିସ,,,,,ഹാർലിക്വിൻ ഇക്തിയോസിസ്,,22
http://www.wikidata.org/entity/Q344873,adult respiratory distress syndrome,Acute respiratory distress syndrome,,অ্যাকিউট রেসপিরেটরি ডিসট্রেস সিনড্রোম,,,అక్క్యూట్ రెస్పిరేటరీ డిస్ట్రెస్ సిండ్రోం,,,,,ತೀವ್ರ ಉಸಿರಾಟ ತೊಂದರೆಯ ಬಳಲಿಕೆಯ ಲಕ್ಷಣ,,,,,,,,22
http://www.wikidata.org/entity/Q377978,thrombophlebitis,Thrombophlebitis,,,,,,,,,,,,,,,,,,22
http://www.wikidata.org/entity/Q583908,vascular dementia,Vascular dementia,,,,,,,,,,,,,,,,വാസ് കുലാർ ഡിമെൻ ഷ്യ,,22
http://www.wikidata.org/entity/Q615645,Fabry disease,Fabry disease,,,,,,,,,,,,,,,فیبری بیماری,,,22
http://www.wikidata.org/entity/Q627368,blastomycosis,Blastomycosis,,,,,,,,,,,,,,,,,,22
http://www.wikidata.org/entity/Q707816,temporal arteritis,Giant-cell arteritis,,,,,,,,,,,ଜାଏଣ୍ଟ ସେଲ ଆର୍ଟେରାଇଟିସ,,,,,,,22
http://www.wikidata.org/entity/Q776030,systemic inflammatory response syndrome,Systemic inflammatory response syndrome,,,,,,,,,,,,,,,,,,22
http://www.wikidata.org/entity/Q804332,Baker's cyst,Baker's cyst,,,,,,,,,,,ବେକର୍ସ ସିସ୍ଟ,,,,,,,22
http://www.wikidata.org/entity/Q848371,lichen planus,Lichen planus,,,,,,,,,,,,,,,,,,22
http://www.wikidata.org/entity/Q861645,Gaucher's disease,Gaucher's disease,,,,,,,,,,,,,,,,,,22
http://www.wikidata.org/entity/Q933716,polycythemia,Polycythemia,,,,,,,,,,,,,,,,പോളിസൈത്തീമിയ,,22
http://www.wikidata.org/entity/Q966229,myxedema,Myxedema,मिक्सोडेमा,,,,,,,,,,,,,मिक्सोडेमा,,,,22
http://www.wikidata.org/entity/Q1051355,conversion disorder,Conversion disorder,,,,,,,,,,,,,,,,,,22
http://www.wikidata.org/entity/Q1058608,primary sclerosing cholangitis,Primary sclerosing cholangitis,,,,,,,,,,,,,,,,,,22
http://www.wikidata.org/entity/Q1072290,sick building syndrome,Sick building syndrome,,,,,,,,,,,,,,,,,,22
http://www.wikidata.org/entity/Q1131786,cor pulmonale,Pulmonary heart disease,,,,,,co pulmonary,,,,,,,,,,,,22
http://www.wikidata.org/entity/Q1290616,epidemic typhus,Epidemic typhus,,,,,,,,,,,,,,इपिडेमिक टाइफस,,,,22
http://www.wikidata.org/entity/Q1327273,entropion,Entropion,,,,,,,,,,,,,,,,,,22
http://www.wikidata.org/entity/Q1327712,alpha-1-antitrypsin deficiency,Alpha-1 antitrypsin deficiency,,,,,,,,,,,ଆଲଫା-୧ ଆଣ୍ଟିଟ୍ରିପସିନ ଅଭାବ,,,,,,,22
http://www.wikidata.org/entity/Q1418152,Mobius syndrome,Möbius syndrome,,,,,,,,,,,,,,,,,,22
http://www.wikidata.org/entity/Q1423177,breast fibrocystic disease,Fibrocystic breast changes,तंतुप्रत्यास्थ स्तन बदलाव,,,,,,,,,,ଫାଇବ୍ରୋସିସ୍ଟିକ ସ୍ତନ ପରିବର୍ତ୍ତନ,,,,,,,22
http://www.wikidata.org/entity/Q1424956,neuroleptic malignant syndrome,Neuroleptic malignant syndrome,,,,,,,,,,,ନିଉରୋଲେପ୍ଟିକ ମାଲିଗନାଣ୍ଟ ସିଣ୍ଡ୍ରୋମ,,,,,,,22
http://www.wikidata.org/entity/Q1479494,paroxysmal nocturnal hemoglobinuria,Paroxysmal nocturnal hemoglobinuria,,,,,,,,,,,,,,,,,,22
http://www.wikidata.org/entity/Q1563513,HELLP syndrome,HELLP syndrome,,,,,,,,,,,ଏଚଇଏଲଏଲପି ସିଣ୍ଡ୍ରୋମ,,,,,,,22
http://www.wikidata.org/entity/Q1570013,thrombophilia,Thrombophilia,,,,,,,,,,,,,,,,,,22
http://www.wikidata.org/entity/Q1586014,peritonsillar abscess,Peritonsillar abscess,कंठमाला,,,,,,,,,,ପେରିଟନସିଲାର ଆବସେସ,,,,,,,22
http://www.wikidata.org/entity/Q1586088,hypoparathyroidism,Hypoparathyroidism,,,,,,,,,,,,,,,,,,22
http://www.wikidata.org/entity/Q2737426,umbilical hernia,Umbilical hernia,नाभि-हर्निया,,,,,,,,,,,,தொப்புள் குடலிறக்கம்,,,umbilical hernia,,22
http://www.wikidata.org/entity/Q378183,craniosynostosis,Craniosynostosis,क्रेनिओसिनोस्तोसिस,ক্রেনীয়সিনোস্টসিস,,,,,,,,,,,,,,,kraniostenozo,21
http://www.wikidata.org/entity/Q3339235,neurological disorder,Neurological disorder,,,,,,ਮਾਨਸਿਕ ਵਿਕਾਰ,,,,,,,,,اعصابی بیماریاں,,neŭrologia malsano,21
http://www.wikidata.org/entity/Q721073,delusional disorder,Delusional disorder,,,,,,,,,,,,,,,,,sintrompa malsano,21
http://www.wikidata.org/entity/Q744387,Rocky Mountain spotted fever,Rocky Mountain spotted fever,,,,,,,,,,,ରକି ମାଉଣ୍ଟେନ ସ୍ପଟେଡ ଫିଭର,,,,,റോക്കി മലനിരകളിലെ പുള്ളിപ്പനി,Makula febro,21
http://www.wikidata.org/entity/Q775593,specific language impairment,Specific language impairment,,,,,,,,,,,,,,,خلل کلام,,specifa lingva perturbo,21
http://www.wikidata.org/entity/Q794457,locked-in syndrome,Locked-in syndrome,,,,,,,,,,,,,,,,,Enfermiteco,21
http://www.wikidata.org/entity/Q917399,Usher  syndrome,Usher syndrome,,,,,,,,,,,,,,,,,Sindromo de Usher,21
http://www.wikidata.org/entity/Q1066311,complex regional pain syndrome,Complex regional pain syndrome,,,,,,,,,,,,,,,,,kompleksa regiona dolorsindromo,21
http://www.wikidata.org/entity/Q1194496,scrub typhus,Scrub typhus,,,,,,,,,,,,,,स्क्रब टाइफस,,ചെള്ളുപനി,arbusta tifo,21
http://www.wikidata.org/entity/Q1198391,intracranial aneurysm,Intracranial aneurysm,aenurysm,ইন্ট্রাক্রেনিয়াল অ্যানিউরিজম,,,,,,,,,,,,,,,enkrania aneŭrismo,21
http://www.wikidata.org/entity/Q1282114,speech disorder,Speech disorder,वाग्बाधा,,,,,,,,,,,,,,,,Paroleraroj,21
http://www.wikidata.org/entity/Q1364270,hypertrophic cardiomyopathy,Hypertrophic cardiomyopathy,,,,,,,,,,,ହାଇପରଟ୍ରଫିକ କାର୍ଡ଼ିଓମାୟୋପାଥି,,,,,,hipertrofia kardimiopatio,21
http://www.wikidata.org/entity/Q1365789,glycogen storage disease II,Glycogen storage disease type II,,,,,,,,,,,,,,,,,malsano de Pompe,21
http://www.wikidata.org/entity/Q1369020,von Economo's disease,Encephalitis lethargica,,,,,,,,,,,,,,,,,letargia encefalito,21
http://www.wikidata.org/entity/Q1456403,Legg-Calve-Perthes disease,Legg–Calvé–Perthes disease,,,,,,,,,,,,,,,,,malsano de Legg-Calvé-Perthes,21
http://www.wikidata.org/entity/Q112670,mastocytosis,Mastocytosis,,,,,,,,,,,,,,,,,,21
http://www.wikidata.org/entity/Q304601,myiasis,Myiasis,,,,,,,,,,,,,,,,,,21
http://www.wikidata.org/entity/Q341999,hidradenitis suppurativa,Hidradenitis suppurativa,,,,,,,,,,,ହାଇଡ୍ରାଡେନାଇଟିସ ସପ୍ୟୁରେଟିଭା,,,,,,,21
http://www.wikidata.org/entity/Q402575,maple syrup urine disease,Maple syrup urine disease,,,,,ఆపరేషన్ బ్లూస్టార్,,,,,,,,,,,,,21
http://www.wikidata.org/entity/Q484827,anus cancer,Anal cancer,,,,,,,,,,,,,குதப் புற்றுநோய்,,,,,21
http://www.wikidata.org/entity/Q532158,Pediculus humanus capitis infestation,Head lice infestation,,,Uambukizo wa chawa kichwani,,,,,,,,ମୁଣ୍ଡ ଉକୁଣୀ ସଂକ୍ରମଣ,,,,,,,21
http://www.wikidata.org/entity/Q694552,lymphogranuloma venereum,Lymphogranuloma venereum,,,,,,,,,,,,,,,لمفونگرانولوما وینیریم,,,21
http://www.wikidata.org/entity/Q743545,fetal erythroblastosis,Hemolytic disease of the newborn,,,,,,,,,,,,,பிறந்த குழந்தைகளில் குருதிச் சிவப்பணு சிதைவு நோய்,,,,,21
http://www.wikidata.org/entity/Q745162,polyarteritis nodosa,Polyarteritis nodosa,,,,,,,,,,,,,,,,,,21
http://www.wikidata.org/entity/Q913856,Friedreich ataxia,Friedreich's ataxia,,,,,,,,,,,,,,,,,,21
http://www.wikidata.org/entity/Q944758,tetraplegi,Tetraplegia,,,,,,,,,,,,,,,,,,21
http://www.wikidata.org/entity/Q976163,polyhydramnios,Polyhydramnios,,,,,అధిక ఉమ్మనీరు,,,,,,,,,,,,,21
http://www.wikidata.org/entity/Q1097028,spondylosis,Spondylosis,सर्वाइकल स्पॉन्डिलोसिस,,,सर्व्हायकल स्पॉँडीलोसिस,,,,,,,,,,,,,,21
http://www.wikidata.org/entity/Q1146454,IgA glomerulonephritis,IgA nephropathy,,,,,,,,,,,,,,,,,,21
http://www.wikidata.org/entity/Q1165179,Kallmann syndrome,Kallmann syndrome,,,,,,,,,,,,,,,,,,21
http://www.wikidata.org/entity/Q1334408,severe combined immunodeficiency,Severe combined immunodeficiency,,,,,,,,,,,,,,,,,,21
http://www.wikidata.org/entity/Q1345113,toxocariasis,Toxocariasis,,,,,,,,,,,,,,,,,,21
http://www.wikidata.org/entity/Q1433936,hyperprolactinemia,Hyperprolactinaemia,,,,,,,,,,,,,,,,,,21
http://www.wikidata.org/entity/Q1456558,angular cheilitis,Angular cheilitis,,,,,,,,,,,ଓଠକୋଣ ପ୍ରଦାହ,,,,,,,21
http://www.wikidata.org/entity/Q1585081,malignant hyperthermia,Malignant hyperthermia,,,,,,,,,,,ମାଲିଗନାଣ୍ଟ ହାଇପରଥର୍ମିଆ,,,,,,,21
http://www.wikidata.org/entity/Q1598200,metabolic acidosis,Metabolic acidosis,,,,,,,,,,,,,,,,,,21
http://www.wikidata.org/entity/Q1778968,compartment syndrome,Compartment syndrome,,,,,,,,,,,କମ୍ପାର୍ଟମେଣ୍ଟ ସିଣ୍ଡ୍ରୋମ,,,,,,,21
http://www.wikidata.org/entity/Q1827425,liposarcoma,Liposarcoma,,,,,,,,,,,,,,,,,,21
http://www.wikidata.org/entity/Q1877550,lung abscess,Lung abscess,,,,,,,,,,,,,,,,lung abscess,,21
http://www.wikidata.org/entity/Q2038371,labyrinthitis,Labyrinthitis,,,,,,,,,,,,,,,,,,21
http://www.wikidata.org/entity/Q2290446,idiopathic pulmonary fibrosis,Idiopathic pulmonary fibrosis,,,,,,,,,,,ଇଡିଓପାଥିକ ପଲମୋନାରି ଫାଇବ୍ରୋସିସ,,,,,,,21
http://www.wikidata.org/entity/Q2349546,Canavan disease,Canavan disease,,,,,,,,,,,,,,,,,,21
http://www.wikidata.org/entity/Q2443552,trypanosomiasis,Trypanosomiasis,ट्रिपैनोसोमियासिस,,,,ట్రైపానోసోమియసిస్,,,,,ಟ್ರಿಪನೊಸೋಮಿಯಾಸಿಸ್,,,,,,,,21
http://www.wikidata.org/entity/Q4667072,fibroma,Fibroma,,,,,,,,,,,,,,,,,,21
http://www.wikidata.org/entity/Q4678337,lymph node tuberculosis,Mycobacterial cervical lymphadenitis,गंडमाला,,,,,,,,,,,,,,,,,21
http://www.wikidata.org/entity/Q7562539,facial paralysis,Facial nerve paralysis,,,,,,,,,,,,,,,,,,21
http://www.wikidata.org/entity/Q7616509,neurofibromatosis type I,Neurofibromatosis type I,,,,,,,,,,,,,,,,,,21
http://www.wikidata.org/entity/Q18576,Pick disease,Pick's disease,,,,,,,,,,,,,,,,,,21
http://www.wikidata.org/entity/Q503629,osteonecrosis,Avascular necrosis,,,,,,,,,,,ଆଭାସ୍କୁଲାର ନେକ୍ରୋସିସ,,,,,,ostonekrozo,20
http://www.wikidata.org/entity/Q611458,neuromyelitis optica,Neuromyelitis optica,,,,,,,,,,,,,,,,,opta neŭromjelito,20
http://www.wikidata.org/entity/Q11679861,ancylostomiasis,Hookworm infection,अंकुश कृमि,,,,,,,,,,ଅଙ୍କୁଶକୃମି,,கொக்கிப்புழு,,,കൊക്കപ്പുഴു,Ancilostomozo,20
http://www.wikidata.org/entity/Q11835644,thyroiditis,Thyroiditis,,,,,,,,,,,,,,,,തൈറോയ്ഡൈറ്റിസ്,tiroidito,20
http://www.wikidata.org/entity/Q16775468,elephantiasis,Elephantiasis,,,Elephantiasis,,,,,,,ಆನೆದೊಗಲು,,,,,,,elefantiazo,20
http://www.wikidata.org/entity/Q727436,Mal de parkinso,Lesch–Nyhan syndrome,,,,,,,,,,,,,,,,,sindromo de Lesch-Nyhan,20
http://www.wikidata.org/entity/Q899726,spinocerebellar ataxia,Spinocerebellar ataxia,,,,,,,,,,,,,,,,,spinocerebela ataksio,20
http://www.wikidata.org/entity/Q922411,hypopituitarism,Hypopituitarism,,,,,,,,,,,,,,,,,hipopituitarismo,20
http://www.wikidata.org/entity/Q953638,Wiskott-Aldrich syndrome,Wiskott–Aldrich syndrome,,উইস্কট অল্ড্রিচ সিন্ড্রোম,,,,,,,,,,,,,,,sindromo de Wiskott-Aldrich,20
http://www.wikidata.org/entity/Q977787,gallbladder cancer,Gallbladder cancer,पित्ताशय का कर्कट रोग,,,,,,,,,,,,பித்தப்பை புற்றுநோய்,,,,galvezika kancero,20
http://www.wikidata.org/entity/Q979168,cerebral edema,Cerebral edema,प्रमस्तिष्क शोफ,,,,,,,,,,,,,,,,cerba edemo,20
http://www.wikidata.org/entity/Q1433212,myositis,Myositis,,,,,,,,,,,,,,,,,miito,20
http://www.wikidata.org/entity/Q1475667,taeniasis,Taeniasis,,,,,,,,,,,,,,,,,Teniozo,20
http://www.wikidata.org/entity/Q1542466,vulvitis,Vulvitis,,,,,,,,,,,,,,,,,vulvito,20
http://www.wikidata.org/entity/Q167264,Marburg virus disease,Marburg virus disease,,,Homa ya kuvuja damu,,,,,,,,,,,,,,,20
http://www.wikidata.org/entity/Q177755,astrocytoma,Astrocytoma,,অ্যাস্ট্রোসাইটোমা,Astrocytoma,,,,,,,,,,,,,,,20
http://www.wikidata.org/entity/Q183098,hepatic vein thrombosis,Budd–Chiari syndrome,,,,,,,,,,,,,,,,,,20
http://www.wikidata.org/entity/Q304497,hemiplegia,Hemiplegia,,,,,,,,,,,,,,,,,,20
http://www.wikidata.org/entity/Q391556,hyperemesis gravidarum,Hyperemesis gravidarum,हाइपरमेसिस ग्रेविडेरम,,,,,,,,,,ଗର୍ଭିଣୀ ଅତିବମନ,,பேறுகால மிகை வாந்தி,,,,,20
http://www.wikidata.org/entity/Q424221,acute stress disorder,Acute stress disorder,,,,,,,,,,,,,,,,,,20
http://www.wikidata.org/entity/Q511372,Krabbe disease,Krabbe disease,,,,,,,,,,,,,,,,,,20
http://www.wikidata.org/entity/Q512313,androgen insensitivity syndrome,Androgen insensitivity syndrome,,,,,,,,,,,,,,,,,,20
http://www.wikidata.org/entity/Q525075,hamartoma,Hamartoma,,,,,,,,,,,,,,,,,,20
http://www.wikidata.org/entity/Q567869,anosognosia,Anosognosia,,,,,,,,,,,,,,,,അനോസോഗ്നോസിയ,,20
http://www.wikidata.org/entity/Q572111,anterograde amnesia,Anterograde amnesia,,,,,,,,,,,,,,,,,,20
http://www.wikidata.org/entity/Q639203,Menkes disease,Menkes disease,,,,,,,,,,,,,,,,,,20
http://www.wikidata.org/entity/Q662298,ectropion,Ectropion,,,,,,,,,,,,,வெளித்துருத்திய கண் இமை,,,,,20
http://www.wikidata.org/entity/Q677449,aspiration pneumonia,Aspiration pneumonia,,,,,,,,,,,ଆସ୍ପିରେସନ ନିମୋନିଆ,,,,,,,20
http://www.wikidata.org/entity/Q778731,pyuria,Pyuria,,,,,,,,,,,,,,,,,,20
http://www.wikidata.org/entity/Q916398,lymphedema,Lymphedema,,,,,,,,,,,,,,,,,,20
http://www.wikidata.org/entity/Q959457,inappropriate ADH syndrome,Syndrome of inappropriate antidiuretic hormone secretion,,,,,,,,,,,,,,,,,,20
http://www.wikidata.org/entity/Q972514,optic neuritis,Optic neuritis,,,,,,,,,,,,,,,,,,20
http://www.wikidata.org/entity/Q1154055,osteochondrosis,Osteochondrosis,,,,,,,,,,,,,,,,,,20
http://www.wikidata.org/entity/Q1179460,Fanconi syndrome,Fanconi syndrome,,,,,,,,,,,,,,,,,,20
http://www.wikidata.org/entity/Q1186703,demyelinating disease,Demyelinating disease,,,,,,,,,,,,,,,,,,20
http://www.wikidata.org/entity/Q1209150,cerebral infarction,Cerebral infarction,,,,,,,,,,,,,,,,,,20
http://www.wikidata.org/entity/Q1423087,retinopathy of prematurity,Retinopathy of prematurity,,,,,,,,,,,,,,,,,,20
http://www.wikidata.org/entity/Q1426491,thrombotic thrombocytopenic purpura,Thrombotic thrombocytopenic purpura,,,,,,,,,,,ଥ୍ରୋମ୍ବୋଟିକ ଥ୍ରୋମ୍ବିସାଇଟୋପେନିକ ପରପ୍ୟୁରା,,,,,,,20
http://www.wikidata.org/entity/Q1476027,lymphangitis,Lymphangitis,,,,,,,,,,,,,,,,,,20
http://www.wikidata.org/entity/Q1480377,periostitis,Periostitis,,,,,,,,,,,,,,,,,,20
http://www.wikidata.org/entity/Q1501239,insulinoma,Insulinoma,,,,,,,,,,,,,,,,,,20
http://www.wikidata.org/entity/Q1516211,renal tubular acidosis,Renal tubular acidosis,,,,,,,,,,,,,,,,,,20
http://www.wikidata.org/entity/Q1549428,steatorrhea busuk,Steatorrhea,,,,,,,,,,,,,,,,,,20
http://www.wikidata.org/entity/Q1898141,rhabdomyosarcoma,Rhabdomyosarcoma,,,,,,,,,,,,,,,عصوی عضلی لحمومہ,,,20
http://www.wikidata.org/entity/Q2300749,separation anxiety disorder,Separation anxiety disorder,,,,,,,,,,,,,,,,,,20
http://www.wikidata.org/entity/Q52848,spondyloarthropathy,Spondyloarthropathy,,,,,,,,,,,,,,,,,,20
http://www.wikidata.org/entity/Q487837,coccidiosis,Coccidiosis,कुकड़िया रोग,,,,,,,,,,,,,,,,kokcidiozo,19
http://www.wikidata.org/entity/Q499574,tendinitis,Tendinitis,,,,,,,,,,,,,தசைநாண் அழற்சி,,,,tendenito,19
http://www.wikidata.org/entity/Q383228,Gerstmann-Straussler-Scheinker syndrome,Gerstmann–Sträussler–Scheinker syndrome,,,,,,,,,,,,,,,,,Sindromo de Gerstmann-Sträussler-Scheinker,19
http://www.wikidata.org/entity/Q548719,aniridia,Aniridia,,,,,,,,,,,,,,,,,Senirisafekcio,19
http://www.wikidata.org/entity/Q551085,myelitis,Myelitis,,,,,,,,,,,,,,,,,mjelito,19
http://www.wikidata.org/entity/Q1723331,ophthalmoplegia,Ophthalmoparesis,,,,,,,,,,,,,,,,,oftalmoplegio,19
http://www.wikidata.org/entity/Q2046550,diabetic neuropathy,Diabetic neuropathy,मधुमेही न्यूरोपैथी,,,,,,,,,,,,நீரிழிவு நரம்பியல்,,,,diabeta neŭropatio,19
http://www.wikidata.org/entity/Q3041498,eye disease,Eye disease,नेत्ररोग,,Magonjwa ya macho,,,,,,,,ଚକ୍ଷୁ ରୋଗ,,கண்களின் குறைபாடுகள்,,,,okula malsano,19
http://www.wikidata.org/entity/Q3286546,respiratory disease,Respiratory disease,श्वसन तंत्र के रोग,শ্বাস তন্ত্রের রোগ,,,,,,,,ಉಸಿರಾಟದ ವ್ಯವಸ್ಥೆ ರೋಗ,,,சுவாச நோய்,,,,malsano de spira sistemo,19
http://www.wikidata.org/entity/Q1072420,primary biliary cirrhosis,Primary biliary cholangitis,,,,,,,,,,,,,,,,,primara gala cirozo,19
http://www.wikidata.org/entity/Q1419931,Niemann-Pick disease,Niemann–Pick disease,,,,,,,,,,,,,,,,,malsano de Niemann-Pick,19
http://www.wikidata.org/entity/Q298233,esophageal atresia,Esophageal atresia,,,,,,,,,,,,,,,,,,19
http://www.wikidata.org/entity/Q382370,monkeypox,Monkeypox,,,,,,,,,,,ମଙ୍କିପକ୍ସ,,,,,,,19
http://www.wikidata.org/entity/Q388628,Meckel's diverticulum,Meckel's diverticulum,মেকেলের ডাইভার্টিকুলাম,,,,,,,,,,,,,,,,,19
http://www.wikidata.org/entity/Q423965,Vestibular schwannoma,Vestibular schwannoma,,,,,,,,,,,,,,,,,,19
http://www.wikidata.org/entity/Q505142,eosinophilia,Eosinophilia,,,,,ఏశ్ణీఫీఈళీఆ,,,,,,,,,,,,,19
http://www.wikidata.org/entity/Q506433,Trimethylaminuria,Trimethylaminuria,,,,,,,,,,,,,மீன் நெடிக் கூட்டறிகுறி,,,,,19
http://www.wikidata.org/entity/Q511000,scleritis,Scleritis,,,,,,,,,,,,,,,,,,19
http://www.wikidata.org/entity/Q517202,De Quervain disease,De Quervain syndrome,,,,,,,,,,,ଡି କ୍ୱେରଭେନ ସିଣ୍ଡ୍ରୋମ,,,,,,,19
http://www.wikidata.org/entity/Q535876,Sheehan's syndrome,Sheehan's syndrome,,,,,,,,,,,,,,,,,,19
http://www.wikidata.org/entity/Q596474,conduct disorder,Conduct disorder,,,,,,,,,,,,,,,,,,19
http://www.wikidata.org/entity/Q683861,campylobacteriosis,Campylobacteriosis,अम्प्य्लोबक्तेरिओसिस,,,,,,,,,,,,,,,,,19
http://www.wikidata.org/entity/Q684810,berylliosis,Berylliosis,,,,,,,,,,,,,,,,,,19
http://www.wikidata.org/entity/Q704930,progressive multifocal leukoencephalopathy,Progressive multifocal leukoencephalopathy,,,,,,,,,,,,,,,,,,19
http://www.wikidata.org/entity/Q767327,sporotrichosis,Sporotrichosis,,,,,,,,,,,,,,,,സ്പോറോട്രൈക്കോസിസ്,,19
http://www.wikidata.org/entity/Q776881,hereditary hemorrhagic telangiectasia,Hereditary hemorrhagic telangiectasia,,,,,,,,,,,,,,,,,,19
http://www.wikidata.org/entity/Q779250,Crouzon syndrome,Crouzon syndrome,,,,,,,,,,,,,,,,,,19
http://www.wikidata.org/entity/Q1035645,in situ carcinoma,Carcinoma in situ,,,,,,,,,,,,,,,,,,19
http://www.wikidata.org/entity/Q1051436,Cauda equina syndrome,Cauda equina syndrome,,,,,,,,,,,କଡା ଇକୁଇନା ସିଣ୍ଡ୍ରୋମ,,,,,,,19
http://www.wikidata.org/entity/Q1120682,metachromatic leukodystrophy,Metachromatic leukodystrophy,,,,,,,,,,,,,,,,,,19
http://www.wikidata.org/entity/Q1140000,Crigler-Najjar syndrome,Crigler–Najjar syndrome,,,,,,,,,,,,,,,,,,19
http://www.wikidata.org/entity/Q1144406,oligohydramnios,Oligohydramnios,,,,,అల్ప ఉమ్మనీరు,,,,,,,,,,,അല്പോൽബദ്രവം,,19
http://www.wikidata.org/entity/Q1151801,Waardenburg's syndrome,Waardenburg syndrome,,,,,,,,,,,,,,,,,,19
http://www.wikidata.org/entity/Q1153419,interstitial lung disease,Interstitial lung disease,,,,,,,,,,,,,,,,,,19
http://www.wikidata.org/entity/Q1200268,dermatographia,Dermatographic urticaria,,,,,,,,,,,,,,,,,,19
http://www.wikidata.org/entity/Q1369011,familial adenomatous polyposis,Familial adenomatous polyposis,,,,,,,,,,,,,,,غدومی سلیلت قولونی,,,19
http://www.wikidata.org/entity/Q1470530,delayed sleep phase disorder,Delayed sleep phase disorder,,,,,,,,,,,,,,,,,,19
http://www.wikidata.org/entity/Q1544884,Lennox-Gastaut syndrome,Lennox–Gastaut syndrome,,,,,,,,,,,,,,,,,,19
http://www.wikidata.org/entity/Q1544989,Peutz-Jeghers syndrome,Peutz–Jeghers syndrome,,,,,,,,,,,,,,,,,,19
http://www.wikidata.org/entity/Q2096745,hereditary angioedema,Hereditary angioedema,,,,,,,,,,,ହେରେଡିଟାରି ଆଞ୍ଜିଓଇଡିମା,,,,,,,19
http://www.wikidata.org/entity/Q2291130,hemiparesis,Hemiparesis,,,,,,,,,,,,,,,,,,19
http://www.wikidata.org/entity/Q2463884,cervicitis,Cervicitis,,,,,,,,,,,,,,,,,,19
http://www.wikidata.org/entity/Q15443105,autosomal dominant polycystic kidney disease,Polycystic kidney disease,,,,,,,,,,,,,,,,,,19
http://www.wikidata.org/entity/Q52854,Frozen Shoulder,Adhesive capsulitis of shoulder,कंधे की अकड़न,,,,ఘనీభవించిన భుజం,,,,,,,,,,,,,19
http://www.wikidata.org/entity/Q2015728,specific phobia,Specific phobia,,,,,,,,,,,,,,,,,specifa fobio,18
http://www.wikidata.org/entity/Q18377123,iodine deficiency,Iodine deficiency,,iodine deficiency,,,,,,,,,,,அயோடின் குறைபாடு,,,,manko de jodo,18
http://www.wikidata.org/entity/Q2307256,neuritis,Neuritis,,,,,,,,,,ನರಗಳ ಉರಿಯೂತ,,,,,,,neŭrito,18
http://www.wikidata.org/entity/Q786844,autoimmune hepatitis,Autoimmune hepatitis,,,,,,,,,,,,,,,,,memimuna hepatito,18
http://www.wikidata.org/entity/Q3242950,kidney cancer,Kidney cancer,गुर्दे का कैंसर,বৃক্কের ক্যান্সার,,,,,,,,,,,,,سرطان گردہ,,rena kancero,18
http://www.wikidata.org/entity/Q890785,meningococcal disease,Meningococcal disease,,,,,,,,,,,,,,,,,meningokokemio,18
http://www.wikidata.org/entity/Q924002,hypertrophy of breast,Breast hypertrophy,स्तन अतिवृद्धि,,,,,ਛਾਤੀ ਵਿੱਚ ਅਣਚਾਹਿਆ ਵਾਧਾ,,,,,,,,,,,mama hipertrofio,18
http://www.wikidata.org/entity/Q1502312,polyneuropathy,Polyneuropathy,,,,,,,,,,,,,,,,,polineŭropatio,18
http://www.wikidata.org/entity/Q127556,osteochondritis tulaseca,Osteochondritis dissecans,,,,,,,,,,,,,,,,,,18
http://www.wikidata.org/entity/Q432396,achromatopsia,Achromatopsia,,,,,,,,,,,,,,,,,,18
http://www.wikidata.org/entity/Q541244,hereditary spherocytosis,Hereditary spherocytosis,,,,,,,,,,,,,,,,,,18
http://www.wikidata.org/entity/Q579665,dextrocardia,Dextrocardia,,,,,,,,,,,,,,,,,,18
http://www.wikidata.org/entity/Q580285,Morquio Syndrome,Morquio syndrome,,,,,,,,,,,,,,,,,,18
http://www.wikidata.org/entity/Q620918,lagophthalmos,Lagophthalmos,,,,,,,,,,,,,,,,,,18
http://www.wikidata.org/entity/Q662272,short bowel syndrome,Short bowel syndrome,,,,,,,,,,,ସର୍ଟ ବାୱେଲ ସିଣ୍ଡ୍ରୋମ,,,,,,,18
http://www.wikidata.org/entity/Q665258,herpangina,Herpangina,,,,,,ਹਰਪੈਨਜਿਨਾ,,,,,,,,,,,,18
http://www.wikidata.org/entity/Q741315,von Hippel-Lindau disease,Von Hippel–Lindau disease,,,,,,,,,,,,,,,,,,18
http://www.wikidata.org/entity/Q861845,kernicterus,Kernicterus,,,,,,,,,,,,,,,,,,18
http://www.wikidata.org/entity/Q922927,primary amebic meningoencephalitis,Naegleriasis,,,,,,,,,,,,,,,نگلیریا (بیماری),,,18
http://www.wikidata.org/entity/Q945930,progressive supranuclear palsy,Progressive supranuclear palsy,,,,,,,,,,,,,,,,,,18
http://www.wikidata.org/entity/Q974691,epidermodysplasia verruciformis,Epidermodysplasia verruciformis,,এপিডার্মো ডিসপ্লেশিয়া ভেরুকোফরমিস,,,,,,,,,,,,,,,,18
http://www.wikidata.org/entity/Q1157761,dacryocystitis,Dacryocystitis,,,,,,,,,,,,,,,,,,18
http://www.wikidata.org/entity/Q1200839,oculocerebrorenal syndrome,Oculocerebrorenal syndrome,,,,,,,,,,,,,,,,,,18
http://www.wikidata.org/entity/Q1328833,oppositional defiant disorder,Oppositional defiant disorder,,,,,,,,,,,,,,,,,,18
http://www.wikidata.org/entity/Q1365937,space motion sickness,Space adaptation syndrome,,,,,,,,,,,,,,,,,,18
http://www.wikidata.org/entity/Q1416773,granuloma inguinale,Granuloma inguinale,,,,,,,,,,,,,,,,,,18
http://www.wikidata.org/entity/Q1469646,Bloom syndrome,Bloom syndrome,,,,,,,,,,,,,,,,,,18
http://www.wikidata.org/entity/Q1470140,cryptococcosis,Cryptococcosis,,,,,,,,,,,,,,,,,,18
http://www.wikidata.org/entity/Q1479681,mucopolysaccharidosis,Mucopolysaccharidosis,,,,,,,,,,,,,,,,,,18
http://www.wikidata.org/entity/Q1482034,combat disorder,Combat stress reaction,,,,,,,,,,,,,,,,,,18
http://www.wikidata.org/entity/Q1500373,lactic acidosis,Lactic acidosis,,,,,,,,,,,,,,,,,,18
http://www.wikidata.org/entity/Q1529983,mucopolysaccharidosis II,Hunter syndrome,Hunter syndrome,,,,,,,,,,,,,,,,,18
http://www.wikidata.org/entity/Q1532790,Scheuermann's disease,Scheuermann's disease,,,,,,,,,,,,,,,,,,18
http://www.wikidata.org/entity/Q1544408,Alagille syndrome,Alagille syndrome,,,,,,,,,,,,,,,,,,18
http://www.wikidata.org/entity/Q1550521,vesicoureteral reflux,Vesicoureteral reflux,,,,,,,,,,,,,,,,,,18
http://www.wikidata.org/entity/Q1981315,geographic tongue,Geographic tongue,,,,,,,,,,,,,,,,,,18
http://www.wikidata.org/entity/Q2062483,rectal prolapse,Rectal prolapse,,হারিশ,,,,,,,,,,,மலக்குடல் இறக்கம்,,,,,18
http://www.wikidata.org/entity/Q2346415,meningoencephalitis,Meningoencephalitis,,,,,,,,,,,,,,,,,,18
http://www.wikidata.org/entity/Q2619091,angiosarcoma,Angiosarcoma,,,,,,,,,,,,,,,,,,18
http://www.wikidata.org/entity/Q10859678,perinatal necrotizing enterocolitis,Necrotizing enterocolitis,,,,,,,,,,,ନେକ୍ରୋଟାଇଜିଙ୍ଗ ଏଣ୍ଟେରୋକୋଲାଇଟିସ,,,,,,,18
http://www.wikidata.org/entity/Q14509067,exanthem,Exanthem,,,,,,,,,,,,,,,,,,18
http://www.wikidata.org/entity/Q388388,intestinal volvulus,Volvulus,,,,,,,,,,,ଭଲଭ୍ୟୁଲସ,,,,,,Volvulo,17
http://www.wikidata.org/entity/Q1553850,hemoglobinuria,Hemoglobinuria,कालमेह ज्वर,,,,,,,,,,,,,,,,hemoglobinurio,17
http://www.wikidata.org/entity/Q204176,Ritter's disease,Staphylococcal scalded skin syndrome,,,,,,,,,,,,,,,,,malsano de Ritter,17
http://www.wikidata.org/entity/Q632522,bacteriuria,Bacteriuria,,,,,,,,,,,ବ୍ୟାକ୍ଟେରୁରିଆ,,,,,,bakteriurio,17
http://www.wikidata.org/entity/Q2346980,absence seizure,Absence seizure,,,,,,,,,,,,,,,,,forestokrizo,17
http://www.wikidata.org/entity/Q954831,prolactinoma,Prolactinoma,,,,,,,,,,,,,,,,,prolaktinomo,17
http://www.wikidata.org/entity/Q1076087,chondrosarcoma,Chondrosarcoma,,,,,,,,,,,,,,,عضروفی لحمومہ,,kondrosarkomo,17
http://www.wikidata.org/entity/Q1409160,twin-to-twin transfusion syndrome,Twin-to-twin transfusion syndrome,,,,,,,,,,,,,,,,,ĝemel-al-ĝemela transfuza sindromo,17
http://www.wikidata.org/entity/Q1414765,Munchausen by proxy,Factitious disorder imposed on another,,,,,,,,,,,,,,,,,sindromo de Münchausen per aliulo,17
http://www.wikidata.org/entity/Q1435409,folie à deux,Folie à deux,,,,,,,,,,,,,,,,,komuna iluzio,17
http://www.wikidata.org/entity/Q247131,hepatorenal syndrome,Hepatorenal syndrome,,,,,,,,,,,,,,,,,,17
http://www.wikidata.org/entity/Q277452,Ebstein anomaly,Ebstein's anomaly,,,,,,,,,,,,,,,,,,17
http://www.wikidata.org/entity/Q279330,bronchospasm,Bronchospasm,,,,,,,,,,,,,,,,,,17
http://www.wikidata.org/entity/Q377568,melanocytic nevus,Melanocytic nevus,,আঁচিল,,,,,,,,ಮಚ್ಚೆ,,,,कोठी,,,,17
http://www.wikidata.org/entity/Q387082,ataxia telangiectasia,Ataxia–telangiectasia,,,,,,,,,,,,,,,,,,17
http://www.wikidata.org/entity/Q557552,ankyloglossia,Ankyloglossia,,,,,,,,,,,,,,,,,,17
http://www.wikidata.org/entity/Q558230,cholesteatoma,Cholesteatoma,,,,,,,,,,,,,,,,,,17
http://www.wikidata.org/entity/Q559082,chondrocalcinosis,Chondrocalcinosis,,,,,,,,,,,,,,,,,,17
http://www.wikidata.org/entity/Q616087,aortic valve insufficiency,Aortic insufficiency,,,,,,,,,,,,,,,,,,17
http://www.wikidata.org/entity/Q651680,alkaptonuria,Alkaptonuria,,,,,,,,,,,,,,,,,,17
http://www.wikidata.org/entity/Q693519,essential tremor,Essential tremor,,,,,,,,,,,,,,,,,,17
http://www.wikidata.org/entity/Q725129,adhesions of uterus,Asherman's syndrome,,,,,,,,,,,,,,,,,,17
http://www.wikidata.org/entity/Q890200,blood coagulation disease,Coagulopathy,,,,,,,,,,,,,,,,,,17
http://www.wikidata.org/entity/Q896643,brachydactyly,Brachydactyly,,,,,,,,,,,,,,,,,,17
http://www.wikidata.org/entity/Q973524,spondylolisthesis,Spondylolisthesis,,,,,,,,,,,,,,,,,,17
http://www.wikidata.org/entity/Q979129,congenital central hypoventilation syndrome,Central hypoventilation syndrome,,,,,,,,,,,,,,,,,,17
http://www.wikidata.org/entity/Q994859,homocystinuria,Homocystinuria,,,,,,,,,,,,,,,,,,17
http://www.wikidata.org/entity/Q1068323,temporomandibular joint syndrome,Temporomandibular joint dysfunction,,,,,,,,,,,,,,,,,,17
http://www.wikidata.org/entity/Q1075923,cholestasis,Cholestasis,,,,,,,,,,,,,,,,,,17
http://www.wikidata.org/entity/Q1076086,chondromalacia patellae,Chondromalacia patellae,,,,,,,,,,,,,,,,,,17
http://www.wikidata.org/entity/Q1076481,choriocarcinoma,Choriocarcinoma,,,,,,,,,,,,,,,,,,17
http://www.wikidata.org/entity/Q1087811,chronic wasting disease,Chronic wasting disease,,,,,,,,,,,,,,,,,,17
http://www.wikidata.org/entity/Q1133289,Cornelia de Lange syndrome,Cornelia de Lange syndrome,,,,,,,,,,,,,,,,,,17
http://www.wikidata.org/entity/Q1149042,cystinosis,Cystinosis,,,,,,,,,,,,,,,,,,17
http://www.wikidata.org/entity/Q1149046,cystinuria,Cystinuria,,,,,,,,,,,,,,,,,,17
http://www.wikidata.org/entity/Q1201835,impulse control disorder,Impulse control disorder,,ইম্পালস কন্ট্রোল ডিসঅর্ডার,,,,,,,,,,,,,اضطراب ضبط نبضہ,,,17
http://www.wikidata.org/entity/Q1246050,visual verbal agnosia,,,,,,,,,,,,,,,,,,,17
http://www.wikidata.org/entity/Q1269276,pompholyx,Dyshidrosis,dishidrosis,Dyshidrosis,,,,,,,,,ଡିସ୍ହାଇଡ୍ରୋସିସ,,,,,,,17
http://www.wikidata.org/entity/Q1333608,medulloblastoma,Medulloblastoma,,মেডুলোব্লাস্টোমা,,,,,,,,,,,சிறு மூளை புற்றுநோய்,,,,,17
http://www.wikidata.org/entity/Q1437103,angiokeratoma of Fordyce,Fordyce spots,,,,,,,,,,,,,,,,,,17
http://www.wikidata.org/entity/Q1442923,malabsorption,Malabsorption,,,,,,,,,,,,,,,,,,17
http://www.wikidata.org/entity/Q1476525,lipid metabolism disorder,Dyslipidemia,,,,,,,,,,,,,,,,,,17
http://www.wikidata.org/entity/Q1541975,multiple system atrophy,Multiple system atrophy,,,,,,,,,,,,,,,,,,17
http://www.wikidata.org/entity/Q1542410,thrombogavitis,Thrombocythemia,,,,,,,,,,,,,,,,,,17
http://www.wikidata.org/entity/Q1544416,lissencephaly,Lissencephaly,,,,,,,,,,,,,,,,,,17
http://www.wikidata.org/entity/Q1546498,Non-alcoholic fatty liver disease,Non-alcoholic fatty liver disease,,,,,,,,,,,,,மதுசாரா கொழுப்புநிறை கல்லீரல் நோய்,,,,,17
http://www.wikidata.org/entity/Q1634800,Telangiectasia,Telangiectasia,,,,,,,,,,,,,,,,,,17
http://www.wikidata.org/entity/Q1640860,hyperaldosteronism,Hyperaldosteronism,,,,,,,,,,,,,,,,,,17
http://www.wikidata.org/entity/Q1641042,hypermobility syndrome,Hypermobility (joints),,,,,,,,,,,,,,,,,,17
http://www.wikidata.org/entity/Q1641062,hyperphosphatemia,Hyperphosphatemia,,,,,,,,,,,ହାଇପରଫସଫେଟେମିଆ,,,,,,,17
http://www.wikidata.org/entity/Q1671412,interstitial cystitis,Interstitial cystitis,,,,,,,,,,,ଇଣ୍ଟରଷ୍ଟିସିଆଲ ସିଷ୍ଟାଇଟିସ,,சிறுநீர்ப்பை இடைத்திசு அழற்சி,,,,,17
http://www.wikidata.org/entity/Q1752891,polymyalgia rheumatica,Polymyalgia rheumatica,,,,,,,,,,,,,,,,,,17
http://www.wikidata.org/entity/Q1778287,Waldenström's macroglobulinemia,Waldenström's macroglobulinemia,,,,,,,,,,,,,,,,,,17
http://www.wikidata.org/entity/Q1786513,craniopharyngioma,Craniopharyngioma,,,,,,,,,,,,,,,,,,17
http://www.wikidata.org/entity/Q1860507,myotonic dystrophy,Myotonic dystrophy,,,,,,,,,,,ମାୟୋଟୋନିକ ଡିସଟ୍ରୋଫି,,,,,,,17
http://www.wikidata.org/entity/Q1898104,myeloproliferative disorders,Myeloproliferative neoplasm,,,,,,,,,,,,,,,,,,17
http://www.wikidata.org/entity/Q2072063,patent ductus arteriosus,Patent ductus arteriosus,,,,,,,,,,,,,,,,,,17
http://www.wikidata.org/entity/Q2251669,plantar wart,Plantar wart,,,,,,,,,,,ପାଦ ଭାତୁଡ଼ି,,,,,ആണിരോഗം,,17
http://www.wikidata.org/entity/Q2507454,adrenal insufficiency,Adrenal insufficiency,,,,,,,,,,,,,,,,,,17
http://www.wikidata.org/entity/Q2583311,tabes dorsalis,Tabes dorsalis,,,,,,,,,,,,,,,,,,17
http://www.wikidata.org/entity/Q17165460,Atypical hemolytic uremic syndrome,Atypical hemolytic uremic syndrome,,,,,,,,,,,,,,,,,,17
http://www.wikidata.org/entity/Q424242,acute disseminated encephalomyelitis,Acute disseminated encephalomyelitis,,,,,,,,,,,,,,,,,akuta disa encefalomjelito,16
http://www.wikidata.org/entity/Q369262,growth hormone deficiency,Growth hormone deficiency,विकास हार्मोन की कमी,,,,,ਵਿਕਾਸ ਹਾਰਮੋਨ ਦੀ ਘਾਟ,,,,,ଗ୍ରୋଥ ହରମୋନ ଅଭାବ,,,,,,nesufiĉo de kreskiga hormono,16
http://www.wikidata.org/entity/Q247978,anisometropia,Anisometropia,,,,,,,,,,,,,,,,,Anisometropio,16
http://www.wikidata.org/entity/Q1553018,multiple endocrine neoplasia,Multiple endocrine neoplasia,,,,,,,,,,,,,,,,,multobla endokrina neoplazio,16
http://www.wikidata.org/entity/Q1807522,vaginal cancer,Vaginal cancer,योनि कैंसर,,,,,ਯੋਨਿਕ ਕੈਂਸਰ,,,,ಯೋನಿ ಕ್ಯಾನ್ಸರ್,ଯୋନୀ କର୍କଟ,,,,,,vagina kancero,16
http://www.wikidata.org/entity/Q633859,Poland syndrome,Poland syndrome,,,,,,,,,,,ପୋଲାଣ୍ଡ ସିଣ୍ଡ୍ରୋମ,,,,,,sindromo de Poland,16
http://www.wikidata.org/entity/Q675010,lysosomal storage disease,Lysosomal storage disease,,,,,,,,,,,,,,,,,lizosoma stokmalsano,16
http://www.wikidata.org/entity/Q2165411,spondylitis,Spondylitis,,,,,స్పాండిలైటిస్,,,,,,,,,,,,spondilito,16
http://www.wikidata.org/entity/Q2276095,androgenic alopecia,Pattern hair loss,,,,,,,,,,,,,,,,കഷണ്ടി,Vira kalveco,16
http://www.wikidata.org/entity/Q734512,bronchopneumonia,,,,,,,,,,,,,,,,,,bronkopneŭmonito,16
http://www.wikidata.org/entity/Q2450598,infective endocarditis,Infective endocarditis,,,,,,,,,,,ଇନଫେକ୍ଟିଭ ଏଣ୍ଡୋକାର୍ଡ଼ାଇଟିସ,,,,,,infekta endokardiito,16
http://www.wikidata.org/entity/Q2608695,movement disorder,Movement disorders,,,,,,,,,,,,,,,,,malsano pri movado,16
http://www.wikidata.org/entity/Q784564,akinetopsia,Akinetopsia,,,,,,,,,,,,,அசைவுப் பார்வையின்மை,,,,Movblindeco,16
http://www.wikidata.org/entity/Q837054,adenovirus infection,Adenovirus infection,,,,,,,,,,,,,,,,,adenovirusozo,16
http://www.wikidata.org/entity/Q929737,liver disease,Liver disease,,,,,,,,,,ಯಕೃತ್ತಿನ ರೋಗ,ଯକୃତ ରୋଗ,,,,امراض جگر,,hepata malsano,16
http://www.wikidata.org/entity/Q941770,proctitis,Proctitis,,,,,,,,,,,,,,,,,anusito,16
http://www.wikidata.org/entity/Q187542,Li-Fraumeni syndrome,Li–Fraumeni syndrome,,,,,,,,,,,,,,,,,,16
http://www.wikidata.org/entity/Q303123,Aarskog syndrome,Aarskog–Scott syndrome,,,,,,,,,,,,,,,,,,16
http://www.wikidata.org/entity/Q317158,adjustment disorder,Adjustment disorder,,,,,,,,,,,,,இணக்க நிலைச் சீர்குழைவு,,,,,16
http://www.wikidata.org/entity/Q415833,acanthosis nigricans,Acanthosis nigricans,,,,,ఎకాంతోసిస్ నైగ్రికాన్స్,,,,,,,,,,,,,16
http://www.wikidata.org/entity/Q481787,amusia,Amusia,,,,,,,,,,,,,,,,,,16
